"","V1","V2","V3","V4","V5","V6","V7","V8","V9","V10","V11","V12","V13","V14","V15","V16","V17","V18","V19","V20","V21","V22","V23","V24","V25","V26","V27","V28","V29","V30","V31","V32","V33","V34","V35","V36","V37","V38","V39","V40","V41","V42","V43","V44","V45","V46","V47","V48","V49","V50","V51","V52","V53","V54","V55","V56","V57","V58","V59","V60","V61","V62","V63","V64","V65","V66","V67","V68","V69","V70","V71","V72","V73","V74","V75","V76","V77","V78","V79","V80","V81"
"1",16,16,1,13,13,13,13,13,0,16,16,7,13,13,13,13,13,0,16,16,9,0,0,0,0,0,0,16,16,5,0,0,0,0,0,0,0.902128177895509,0.418822575649124,0.247180669523671,0.202148369564271,0.155652894121359,0.33288612351643,0.188651369417127,0.120941221640172,0.0912417926225126,0.295456707070458,0.352896354853044,0.198382784741468,0.089076712931004,0.0757808974688865,0.105688721912779,0.0836409689639066,0.056325243423979,0.0912417926225126,0.295456707070458,0.352896354853044,0.479182934900011,0.0890765891061376,0.0757800769704563,0.105688728461885,0.0836407099282489,0.0563252982652394,0.0912417926225126,0.295456707070458,0.352896354853044,0.285136620073577,0.202148369564271,0.155652894121359,0.33288612351643,0.188651369417127,0.120941221640172,0.0912417926225126,0.295456707070458,0.352896354853044,0.251195502454121,0.202148369564271,0.155652894121359,0.33288612351643,0.188651369417127,0.120941221640172,0.0912417926225126
"2",16,16,13,7,13,13,13,13,0,16,16,10,8,13,13,13,13,0,16,16,10,12,0,0,0,0,0,16,16,0,6,0,0,0,0,0,0.390817981899321,0.216447121105789,0.314346967425796,0.565577617600914,0.178210856586124,0.131895270995857,0.0929217198673304,0.0744828054169656,0.115410165288437,0.367898631473109,0.249592039338169,0.18185223619313,0.520425026833046,0.0663977980942403,0.064380720865712,0.0497308340787281,0.0536308130710645,0.115410165288437,0.367898631473109,0.249592039338169,0.264387555351362,0.683635838090271,0.0663977980942403,0.064380720865712,0.0497346546294581,0.0536308119205324,0.115410165288437,0.367898631473109,0.249592039338169,0.264387555351362,0.444168661324786,0.178210856586124,0.131895270995857,0.0929217198673304,0.0744828054169656,0.115410165288437,0.367898631473109,0.249592039338169,0.314346967425796,0.401779700443844,0.178210856586124,0.131895270995857,0.0929217198673304,0.0744828054169656,0.115410165288437
"3",16,16,16,2,13,13,13,0,0,16,16,16,1,13,13,13,0,0,16,16,16,1,0,0,0,0,0,16,16,16,1,0,0,0,0,0,0.159567554025215,0.196952664327942,0.203969281970769,0.215972172059351,0.363358472210402,0.208486162048315,0.143100701281752,0.157844706177196,0.140977879673175,0.389936822030342,0.379043371231709,0.288962033567866,0.256423827460667,0.102777189744765,0.0985644521629557,0.0394009376658076,0.157844706177196,0.140977879673175,0.389936822030342,0.379043371231709,0.288962033567866,0.259635165107947,0.10280335410337,0.0985644840152889,0.0392896839567965,0.157844706177196,0.140977879673175,0.389936822030342,0.379043371231709,0.288962033567866,0.259635308430769,0.363358472210402,0.208486162048315,0.143100701281752,0.157844706177196,0.140977879673175,0.389936822030342,0.379043371231709,0.288962033567866,0.259635165107947,0.363358472210402,0.208486162048315,0.143100701281752,0.157844706177196,0.140977879673175
"4",16,16,11,13,9,13,13,13,0,16,16,11,13,9,13,13,13,0,16,16,2,11,9,0,0,0,0,16,16,16,0,6,0,0,0,0,0.966508459109954,0.289290888144929,0.482505368777099,0.190928201279896,0.178688998562269,0.178678297479579,0.17784704796514,0.119426721312563,0.0844359926485529,0.449316589466775,0.431546605712526,0.563895475542313,0.0918000317982852,0.301031869725471,0.0526648002547366,0.0672179656819023,0.0524763128419133,0.0844359926485529,0.449316589466775,0.431546605712526,0.563895475542313,0.0918000317982852,0.301031869725471,0.0526646592204957,0.0672176661236916,0.0524763149111276,0.0844359926485529,0.449316589466775,0.431546605712526,0.472272574310916,0.186365801061075,0.301031869725471,0.178678297479579,0.17784704796514,0.119426721312563,0.0844359926485529,0.449316589466775,0.431546605712526,0.39355352995277,0.190928201279896,0.305532088100928,0.178678297479579,0.17784704796514,0.119426721312563,0.0844359926485529
"5",16,16,6,14,13,13,13,13,0,16,16,5,10,13,13,13,13,0,16,16,9,1,0,0,0,0,0,16,16,2,6,0,0,0,0,0,0.672910906584435,0.333970220851006,0.37387428381137,0.163677402483642,0.245284623148494,0.186483175624472,0.123570253343227,0.122563842789844,0.0658998056960025,0.33328261941104,0.371619184316534,0.212003880916318,0.561913375611266,0.0835074966141304,0.0543359008387708,0.0404670815984431,0.0473466007505571,0.0658998056960025,0.33328261941104,0.371619184316534,0.307613677381802,0.263326746444098,0.0835075271052193,0.0543354811618336,0.0404674787954334,0.0473466140388918,0.0658998056960025,0.33328261941104,0.371619184316534,0.265403603448954,0.348533943167896,0.245284623148494,0.186483175624472,0.123570253343227,0.122563842789844,0.0658998056960025,0.33328261941104,0.371619184316534,0.450653092229239,0.178569864151255,0.245284623148494,0.186483175624472,0.123570253343227,0.122563842789844,0.0658998056960025
"6",16,16,16,10,13,13,0,13,0,16,16,16,1,13,13,0,13,0,16,16,16,1,10,0,0,0,0,16,16,16,1,0,0,0,0,0,0.42920351531755,0.446279831843772,0.401226911415111,0.214362360512328,0.234710634338882,0.161233930207422,0.130786711844382,0.175520986337198,0.104136618013641,0.167013264916355,0.228493986737715,0.357717637495803,0.200411248947538,0.102863500422826,0.0695055163828695,0.130786711844382,0.0392304467450546,0.104136618013641,0.167013264916355,0.228493986737715,0.357717637495803,0.26391425452429,0.102863242736338,0.0695055163828695,0.130786711844382,0.0392304467450546,0.104136618013641,0.167013264916355,0.228493986737715,0.357717637495803,0.263914285695261,0.291152654947182,0.161233930207422,0.130786711844382,0.175520986337198,0.104136618013641,0.167013264916355,0.228493986737715,0.357717637495803,0.263914288653124,0.234710634338882,0.161233930207422,0.130786711844382,0.175520986337198,0.104136618013641
"7",16,16,16,13,10,13,13,0,0,16,16,16,13,7,13,13,0,0,16,16,16,11,7,0,0,0,0,16,16,16,5,16,0,0,0,0,0.290298036051635,0.46822084348504,0.194279684891303,0.198210925245227,0.162796054849523,0.206323020847707,0.166930457229549,0.133292728758384,0.0776681521864745,0.359659803986584,0.266826175082464,0.494227261354828,0.104312892818975,0.229258419696869,0.0349794583918215,0.0574567990565991,0.133292728758384,0.0776681521864745,0.359659803986584,0.266826175082464,0.494227261354828,0.104322461266872,0.25452922258612,0.0351458365277836,0.0574567617688771,0.133292728758384,0.0776681521864745,0.359659803986584,0.266826175082464,0.494227261354828,0.332655377438371,0.254529281130601,0.206323020847707,0.166930457229549,0.133292728758384,0.0776681521864745,0.359659803986584,0.266826175082464,0.494227261354828,0.333128071150127,0.253021444240973,0.206323020847707,0.166930457229549,0.133292728758384,0.0776681521864745
"8",16,16,16,13,16,13,13,13,0,16,16,16,13,16,13,13,13,0,16,16,16,2,16,0,0,0,0,16,16,16,2,16,0,0,0,0,0.354180143232489,0.213075450100837,0.368999167387846,0.270594680535091,0.263530464051213,0.202848168448307,0.175436865115476,0.164914850901813,0.14386300419899,0.440425250179139,0.216153039613986,0.426877947565967,0.0918638610445157,0.386899633103677,0.0892325025756202,0.0448532051233751,0.0688297758999186,0.14386300419899,0.440425250179139,0.216153039613986,0.426877947565967,0.0918638610445157,0.386899633103677,0.0892357956476752,0.044853176930593,0.0535155308055836,0.14386300419899,0.440425250179139,0.216153039613986,0.426877947565967,0.328862994683681,0.386899633103677,0.202848168448307,0.175436865115476,0.164914850901813,0.14386300419899,0.440425250179139,0.216153039613986,0.426877947565967,0.328863027634853,0.386899633103677,0.202848168448307,0.175436865115476,0.164914850901813,0.14386300419899
"9",16,16,16,5,13,13,13,0,0,16,16,16,2,10,13,13,0,0,16,16,16,5,10,0,0,0,0,16,16,16,2,0,0,0,0,0,0.50588511788058,0.275591692233359,0.24911352138593,0.282088478693704,0.26826165623446,0.172781163941258,0.174114795957621,0.104179308940559,0.101858195296872,0.334482949221296,0.303030985575073,0.260851852020997,0.221194380090449,0.0889689889036397,0.0391203492407382,0.0650006360495913,0.104179308940559,0.101858195296872,0.334482949221296,0.303030985575073,0.260851852020997,0.235512010330715,0.22872716207197,0.0374063954962717,0.073289179713744,0.104179308940559,0.101858195296872,0.334482949221296,0.303030985575073,0.260851852020997,0.221194380035675,0.228727438982836,0.172781163941258,0.174114795957621,0.104179308940559,0.101858195296872,0.334482949221296,0.303030985575073,0.260851852020997,0.235512039711257,0.26826165623446,0.172781163941258,0.174114795957621,0.104179308940559,0.101858195296872
"10",16,16,12,16,13,13,13,13,13,16,16,2,16,13,13,13,13,13,16,16,9,16,0,0,0,0,0,16,16,6,16,0,0,0,0,0,0.85465320767898,0.203832206619912,0.501058462479087,0.126054456955896,0.13500168383967,0.139946156134263,0.191486552571924,0.122787660168336,0.0700454124771765,0.60845484030828,0.242423008991436,0.27174302286821,0.343458312192066,0.0655241750962036,0.0798740328710018,0.0845067906167639,0.0302642047594723,0.0293686618881558,0.60845484030828,0.242423008991436,0.366402990358204,0.343458312192066,0.0655241750962036,0.079872877643379,0.0844929034819711,0.0302642047594723,0.0293704789943457,0.60845484030828,0.242423008991436,0.34289429084708,0.343458312192066,0.13500168383967,0.139946156134263,0.191486552571924,0.122787660168336,0.0700454124771765,0.60845484030828,0.242423008991436,0.351080041389024,0.343458312192066,0.13500168383967,0.139946156134263,0.191486552571924,0.122787660168336,0.0700454124771765
"11",16,16,2,13,13,13,13,13,0,16,16,10,13,12,13,13,13,0,16,16,9,5,2,0,0,0,0,16,16,1,6,2,0,0,0,0,0.469681142107565,0.285125128600167,0.369895219757782,0.254673851611584,0.17873244132487,0.186949569937713,0.143496639495246,0.113320036786916,0.106699117216581,0.219019919876764,0.449881916378391,0.390547916524282,0.164045268663148,0.0550075118448703,0.054487980939825,0.0498783645466832,0.0412833462282263,0.106699117216581,0.219019919876764,0.449881916378391,0.425913068726374,0.164045268663148,0.339984962692922,0.054487980939825,0.0498783114928421,0.0412830193279441,0.106699117216581,0.219019919876764,0.449881916378391,0.334316954099101,0.340249389190263,0.334319494428115,0.186949569937713,0.143496639495246,0.113320036786916,0.106699117216581,0.219019919876764,0.449881916378391,0.553636793234725,0.270223526778554,0.334304800215205,0.186949569937713,0.143496639495246,0.113320036786916,0.106699117216581
"12",16,16,16,11,13,13,13,13,0,16,16,16,3,7,13,13,13,0,16,16,16,3,3,0,0,0,0,16,16,16,3,4,0,0,0,0,1.17407230464777,0.702394131201872,0.24878965977849,0.268120436308917,0.424173394130535,0.143040817214878,0.165936054985686,0.127022248193614,0.0920583709960333,0.52056744949527,0.3389150216455,0.437091543810283,0.316249361123191,0.174673831369572,0.109997104686185,0.0383117478714052,0.0364607384346118,0.0920583709960333,0.52056744949527,0.3389150216455,0.437091543810283,0.44814891525024,0.338537463137125,0.109997104686185,0.0383155944042013,0.042989994355142,0.0920583709960333,0.52056744949527,0.3389150216455,0.437091543810283,0.44814891525024,0.358548348812175,0.143040817214878,0.165936054985686,0.127022248193614,0.0920583709960333,0.52056744949527,0.3389150216455,0.437091543810283,0.448148855744145,0.34574645945263,0.143040817214878,0.165936054985686,0.127022248193614,0.0920583709960333
"13",16,16,16,1,7,13,13,13,0,16,16,16,1,2,13,13,13,0,16,16,16,3,7,0,0,0,0,16,16,16,6,2,0,0,0,0,0.274902671557659,0.363039437872249,0.181711605063673,0.415742824547877,0.214824177985253,0.22360190737701,0.152213994735425,0.162183333299466,0.082736675155115,0.348053406589279,0.517231991604567,0.303007547173677,0.427576591494098,0.640454102408612,0.0627582337949388,0.055931748629068,0.0468947092314292,0.082736675155115,0.348053406589279,0.517231991604567,0.303007547173677,0.427586678757089,0.35463465736087,0.0627582257246533,0.055931748629068,0.0468947080584071,0.082736675155115,0.348053406589279,0.517231991604567,0.303007547173677,0.656627184381855,0.640454102408612,0.22360190737701,0.152213994735425,0.162183333299466,0.082736675155115,0.348053406589279,0.517231991604567,0.303007547173677,0.432351850087576,0.35463465736087,0.22360190737701,0.152213994735425,0.162183333299466,0.082736675155115
"14",16,16,12,1,13,13,0,13,0,16,16,2,12,13,13,0,13,0,16,16,10,11,0,0,0,0,0,16,16,16,16,0,0,0,0,0,0.369469278754171,0.195188270002478,0.27414131713632,0.299792185283143,0.259455878387875,0.121152431182992,0.187791355471549,0.139216768271343,0.104067745452397,0.360953185162818,0.421404613459108,0.658499453841686,0.371132208610023,0.0876196595664433,0.0428423441938,0.187791355471549,0.0540711396282573,0.104067745452397,0.360953185162818,0.421404613459108,0.33965088524892,0.30373486308057,0.0876196595664433,0.0428423441938,0.187791355471549,0.0540711135984601,0.104067745452397,0.360953185162818,0.421404613459108,0.279066277961041,0.305675587464776,0.259455878387875,0.121152431182992,0.187791355471549,0.139216768271343,0.104067745452397,0.360953185162818,0.421404613459108,0.557866767710569,0.365963343637518,0.259455878387875,0.121152431182992,0.187791355471549,0.139216768271343,0.104067745452397
"15",16,16,6,16,10,13,13,13,0,16,16,5,16,6,13,13,13,0,16,16,4,16,6,0,0,0,0,16,16,3,16,6,0,0,0,0,0.49478621799884,0.261365548664783,0.320989027395584,0.59953994637384,0.223941109219297,0.361833733535209,0.156090021839591,0.121510098092227,0.0711661678281757,0.214861148835623,0.305268148857085,0.501816351484859,0.369619695808705,0.359034597755832,0.0986216526831292,0.0823888484371645,0.0404956500666277,0.0711661678281757,0.214861148835623,0.305268148857085,0.52488866374216,0.369619695808705,0.297899435986663,0.0986198033085015,0.082388854991937,0.0404956500666277,0.0711661678281757,0.214861148835623,0.305268148857085,0.384068422368559,0.369619695808705,0.297899435986663,0.361833733535209,0.156090021839591,0.121510098092227,0.0711661678281757,0.214861148835623,0.305268148857085,0.59774142435338,0.369619695808705,0.297899435986663,0.361833733535209,0.156090021839591,0.121510098092227,0.0711661678281757
"16",16,16,16,5,13,13,13,13,0,16,16,16,8,13,13,13,13,0,16,16,16,4,5,0,0,0,0,16,16,16,5,5,0,0,0,0,0.91524986724159,0.507572341547548,0.397270890909875,0.190704849227047,0.221370386128314,0.203824698468464,0.123839005466176,0.165562339353998,0.110866912154925,0.642677745590795,0.33544357623167,0.274822881899529,0.282211476243089,0.059722364921359,0.0968780789148388,0.0454736319152761,0.0392064665726248,0.110866912154925,0.642677745590795,0.33544357623167,0.274822881899529,0.566301705222712,0.059722364921359,0.0968780789148388,0.0454736319152761,0.0392063098120604,0.110866912154925,0.642677745590795,0.33544357623167,0.274822881899529,0.339110078306596,0.224170349144666,0.203824698468464,0.123839005466176,0.165562339353998,0.110866912154925,0.642677745590795,0.33544357623167,0.274822881899529,0.282211476242326,0.224170159167688,0.203824698468464,0.123839005466176,0.165562339353998,0.110866912154925
"17",16,16,2,13,10,13,13,0,13,16,16,10,13,13,13,13,0,13,16,16,10,0,10,0,0,0,0,16,16,16,0,0,0,0,0,0,0.783253219484219,0.34426433129193,0.224985061951539,0.352705330635142,0.279929539576367,0.201494625667914,0.191975701701386,0.173381741757357,0.0691986486180476,0.443899561719488,0.380282240219032,0.463641707366461,0.0910337823858414,0.344550436822933,0.0451037413094607,0.0563925977266759,0.173381741757357,0.0343386387278928,0.443899561719488,0.380282240219032,0.192257228141298,0.0910337823858414,0.106469831070475,0.0451037351206365,0.056389472712189,0.173381741757357,0.034342196516769,0.443899561719488,0.380282240219032,0.192257228141298,0.352705330635142,0.344550436822933,0.201494625667914,0.191975701701386,0.173381741757357,0.0691986486180476,0.443899561719488,0.380282240219032,0.624301632303064,0.352705330635142,0.279929539576367,0.201494625667914,0.191975701701386,0.173381741757357,0.0691986486180476
"18",16,16,16,16,13,13,13,0,0,16,16,16,16,13,13,13,0,0,16,16,16,16,0,0,0,0,0,16,16,16,16,0,0,0,0,0,0.891967054364638,0.416258830008533,0.0773681796427845,0.244586821647364,0.101621424807554,0.171236238198996,0.162766774992258,0.122771660784604,0.0734780549094588,0.227601945980559,0.438503507112554,0.225863522402535,0.322148734913912,0.112065077110743,0.047747460669736,0.0683042967573802,0.122771660784604,0.0734780549094588,0.227601945980559,0.438503507112554,0.225863522402535,0.322148734913912,0.112074495051678,0.0477474494261417,0.0683042967573802,0.122771660784604,0.0734780549094588,0.227601945980559,0.438503507112554,0.225863522402535,0.322148734913912,0.101621424807554,0.171236238198996,0.162766774992258,0.122771660784604,0.0734780549094588,0.227601945980559,0.438503507112554,0.225863522402535,0.322148734913912,0.101621424807554,0.171236238198996,0.162766774992258,0.122771660784604,0.0734780549094588
"19",16,16,16,14,13,13,13,13,0,16,16,16,3,13,13,13,13,0,16,16,16,9,0,0,0,0,0,16,16,16,4,0,0,0,0,0,0.461450425634448,0.234033023003033,0.59747703482894,0.306748920591179,0.274517674958849,0.180562132543873,0.106047713083182,0.110719081116719,0.0924911826843745,0.35847000715337,0.360461289019699,0.477408106426564,0.402109425278117,0.112734526776013,0.0872811936759245,0.0449474289035807,0.0374340138558296,0.0924911826843745,0.35847000715337,0.360461289019699,0.477408106426564,0.547833882607031,0.1127342666514,0.0872811936759245,0.0449474720529174,0.0374341335377973,0.0924911826843745,0.35847000715337,0.360461289019699,0.477408106426564,0.473765670971726,0.274517674958849,0.180562132543873,0.106047713083182,0.110719081116719,0.0924911826843745,0.35847000715337,0.360461289019699,0.477408106426564,0.566775001275059,0.274517674958849,0.180562132543873,0.106047713083182,0.110719081116719,0.0924911826843745
"20",16,16,7,15,11,13,13,13,0,16,16,2,6,11,13,13,13,0,16,16,10,3,11,0,0,0,0,16,16,2,3,0,0,0,0,0,0.532340927371525,0.218160404307977,0.152694132154144,0.499322504169079,0.209364798785746,0.158799659302886,0.188179479399581,0.13740698774377,0.112170892367084,0.30083239386284,0.283255492371069,0.412478510624269,0.386030644188031,0.214612896634005,0.0532550772817231,0.0603495044654328,0.046512872238366,0.112170892367084,0.30083239386284,0.283255492371069,0.389008750144023,0.295160416136581,0.214612962287302,0.0532551168977769,0.0603495554753033,0.046512872238366,0.112170892367084,0.30083239386284,0.283255492371069,0.183728060845915,0.35118724220617,0.214612896853984,0.158799659302886,0.188179479399581,0.13740698774377,0.112170892367084,0.30083239386284,0.283255492371069,0.389009143437395,0.351185426401668,0.209364798785746,0.158799659302886,0.188179479399581,0.13740698774377,0.112170892367084
"21",16,16,6,3,1,13,13,0,0,16,16,4,5,13,13,13,0,0,16,16,9,9,8,0,0,0,0,16,16,16,2,5,0,0,0,0,0.861788141622243,0.71158097392424,0.256017865271558,0.194697344332348,0.202376076553716,0.230305376167393,0.177702482822803,0.121932796206736,0.126577108059991,1.1552910409472,0.470679625090793,0.274158931173393,0.273797347480263,0.266856250023719,0.0811294290523172,0.115492369448693,0.121932796206736,0.126577108059991,1.1552910409472,0.470679625090793,0.371831466382179,0.234343156238689,0.0880898741718138,0.0811294290523172,0.115492618197611,0.121932796206736,0.126577108059991,1.1552910409472,0.470679625090793,0.199189077145577,0.313775062327069,0.320222604196444,0.230305376167393,0.177702482822803,0.121932796206736,0.126577108059991,1.1552910409472,0.470679625090793,0.25529308929491,0.343239204881291,0.217949431374449,0.230305376167393,0.177702482822803,0.121932796206736,0.126577108059991
"22",16,16,6,13,10,13,13,13,0,16,16,2,2,11,13,13,13,0,16,16,7,4,10,0,0,0,0,16,16,6,1,2,0,0,0,0,0.322108140512306,0.219066138530368,0.249456532702508,0.34228973566563,0.174613153684308,0.226584466989089,0.152394524389857,0.128329748598,0.114455232709073,0.24371545510481,0.120188218129117,0.216932538575156,0.222826970301102,0.30307471919557,0.145991632199033,0.0817101191869985,0.0412789207637704,0.114455232709073,0.24371545510481,0.120188218129117,0.308937484907699,0.41176192746383,0.362980761140165,0.145991593879471,0.0817098667498937,0.0412789207637704,0.114455232709073,0.24371545510481,0.120188218129117,0.2908375429838,0.39892356770818,0.30307471919557,0.226584466989089,0.152394524389857,0.128329748598,0.114455232709073,0.24371545510481,0.120188218129117,0.216932297680991,0.430179145243008,0.255935649400228,0.226584466989089,0.152394524389857,0.128329748598,0.114455232709073
"23",16,16,16,10,1,13,13,13,13,16,16,16,11,13,13,13,13,13,16,16,16,2,1,0,0,0,0,16,16,16,5,1,0,0,0,0,0.753408209306491,0.190133983291884,0.288236627351601,0.184474318828134,0.177307729553315,0.144519472339049,0.119719214637408,0.110814090117611,0.0608597810351829,1.1957913792157,0.335397530853502,0.391358152918396,0.240814968707497,0.176824494972535,0.0472307492964818,0.0789044671097691,0.0414563320663911,0.0289239710972163,1.1957913792157,0.335397530853502,0.391358152918396,0.192790764461357,0.0300393906207214,0.0472307792642006,0.0789039190210936,0.0414553822288619,0.0289239710972163,1.1957913792157,0.335397530853502,0.391358152918396,0.287219392328833,0.176825363211805,0.144519472339049,0.119719214637408,0.110814090117611,0.0608597810351829,1.1957913792157,0.335397530853502,0.391358152918396,0.165302867840266,0.176822520232734,0.144519472339049,0.119719214637408,0.110814090117611,0.0608597810351829
"24",16,16,16,2,10,13,13,13,0,16,16,16,12,13,13,13,13,0,16,16,16,12,10,0,0,0,0,16,16,16,2,0,0,0,0,0,0.681367539155094,0.340454695136119,0.514354485502299,0.460555737574306,0.309568662761772,0.12711908492314,0.230895771672803,0.109796961920912,0.10924340241508,0.514591442336694,0.26005429757274,0.346336827930414,0.287714797312032,0.190149239176,0.0770935334177039,0.0869745325739814,0.0445855165423669,0.10924340241508,0.514591442336694,0.26005429757274,0.346336827930414,0.277304584214065,0.0960520270537485,0.0770935334177039,0.0869745325739814,0.0445855165423669,0.10924340241508,0.514591442336694,0.26005429757274,0.346336827930414,0.277304584214065,0.190421348917612,0.12711908492314,0.230895771672803,0.109796961920912,0.10924340241508,0.514591442336694,0.26005429757274,0.346336827930414,0.287714611777946,0.309568662761772,0.12711908492314,0.230895771672803,0.109796961920912,0.10924340241508
"25",16,16,16,2,5,13,13,0,0,16,16,16,8,12,13,13,0,0,16,16,16,5,2,0,0,0,0,16,16,16,1,5,0,0,0,0,0.264281217076477,0.399642448753748,0.284466162611752,0.420717831270925,0.338417183467476,0.136405486929506,0.173566477283014,0.150090402250779,0.169276925813453,0.570081797260979,0.252223678756951,0.256642738653519,0.428013144131937,0.229793912710649,0.0435889652479523,0.0889639355869065,0.150090402250779,0.169276925813453,0.570081797260979,0.252223678756951,0.256642738653519,0.537411392780501,0.369663153724551,0.0435889652479523,0.0889639355869065,0.150090402250779,0.169276925813453,0.570081797260979,0.252223678756951,0.256642738653519,0.379515462963323,0.344792308941415,0.136405486929506,0.173566477283014,0.150090402250779,0.169276925813453,0.570081797260979,0.252223678756951,0.256642738653519,0.285399136466027,0.229793912710649,0.136405486929506,0.173566477283014,0.150090402250779,0.169276925813453
"26",16,16,16,1,13,13,13,0,0,16,16,16,13,13,13,13,0,0,16,16,16,12,1,0,0,0,0,16,16,16,1,2,0,0,0,0,0.14076464292758,0.57344480132319,0.192179158718391,0.198409787363945,0.28118304007817,0.279312141580425,0.155874777695688,0.0922977952229211,0.0885165708257641,0.188022517833865,0.308774297466209,0.430351481890107,0.49617566677677,0.0407241314137795,0.140999844583211,0.0673055864845036,0.0922977952229211,0.0885165708257641,0.188022517833865,0.308774297466209,0.430351481890107,0.120793644856748,0.0408088144967746,0.140979363016344,0.0673055864845036,0.0922977952229211,0.0885165708257641,0.188022517833865,0.308774297466209,0.430351481890107,0.428371307421181,0.287869244921607,0.279312141580425,0.155874777695688,0.0922977952229211,0.0885165708257641,0.188022517833865,0.308774297466209,0.430351481890107,0.49617566677677,0.352621084507472,0.279312141580425,0.155874777695688,0.0922977952229211,0.0885165708257641
"27",16,16,16,10,13,13,13,13,0,16,16,16,1,10,13,13,13,0,16,16,16,11,6,0,0,0,0,16,16,16,1,1,0,0,0,0,0.563279690651364,0.491761417903655,0.512152550523776,0.129975915854437,0.328549787216743,0.0819926412203205,0.28848472721342,0.135753852003114,0.132356952218448,0.102473285897548,0.46637859443968,0.346039827472199,0.176032637530332,0.112810607787919,0.0384758173751937,0.0550470350421607,0.0403666981588671,0.132356952218448,0.102473285897548,0.46637859443968,0.346039827472199,0.212156758631657,0.218043628283806,0.0384758173751937,0.0550470350421607,0.0403666989662085,0.132356952218448,0.102473285897548,0.46637859443968,0.346039827472199,0.232300317332896,0.363800116172607,0.0819926412203205,0.28848472721342,0.135753852003114,0.132356952218448,0.102473285897548,0.46637859443968,0.346039827472199,0.212156746547404,0.489345000891013,0.0819926412203205,0.28848472721342,0.135753852003114,0.132356952218448
"28",16,16,4,10,13,13,13,0,0,16,16,4,12,13,13,13,0,0,16,16,5,10,0,0,0,0,0,16,16,16,0,0,0,0,0,0,0.151104182277288,0.333326116316973,0.443189688613713,0.351991547947325,0.275687822923415,0.247429517116193,0.094706386710824,0.0896923239453842,0.10484431902921,0.627673889949849,0.326157174674536,0.373527125691175,0.328254565582842,0.13229738432447,0.113208700173398,0.0599659640278977,0.0896923239453842,0.10484431902921,0.627673889949849,0.326157174674536,0.373527125691175,0.332641651941231,0.132297593923283,0.113209785212561,0.0599647716504144,0.0896923239453842,0.10484431902921,0.627673889949849,0.326157174674536,0.302201028206045,0.328254565582842,0.275687822923415,0.247429517116193,0.094706386710824,0.0896923239453842,0.10484431902921,0.627673889949849,0.326157174674536,0.275988873179622,0.351991547947325,0.275687822923415,0.247429517116193,0.094706386710824,0.0896923239453842,0.10484431902921
"29",16,16,16,12,16,13,13,13,0,16,16,16,10,16,13,13,13,0,16,16,16,2,16,0,0,0,0,16,16,16,2,16,0,0,0,0,0.177841540207094,0.226519721144028,0.299419881675045,0.29627484733086,0.300187542920726,0.155313038625794,0.144130804144371,0.106516779189578,0.180609809727551,0.897830421539617,0.224899550355031,0.279589339177521,0.231051054686635,0.367000145579207,0.055319309516722,0.0376338855771209,0.0453950966322305,0.180609809727551,0.897830421539617,0.224899550355031,0.279589339177521,0.325047708435124,0.367000145579207,0.0553234493844282,0.0376338039042557,0.0453950966322305,0.180609809727551,0.897830421539617,0.224899550355031,0.279589339177521,0.265931407371364,0.367000145579207,0.155313038625794,0.144130804144371,0.106516779189578,0.180609809727551,0.897830421539617,0.224899550355031,0.279589339177521,0.265931267925788,0.367000145579207,0.155313038625794,0.144130804144371,0.106516779189578,0.180609809727551
"30",16,16,16,12,13,13,13,13,0,16,16,16,12,12,13,13,13,0,16,16,16,11,11,0,0,0,0,16,16,16,6,2,0,0,0,0,0.39290950072819,0.278809184691878,0.256410533104329,0.449576423248522,0.129216245243757,0.167118309822252,0.181383441959723,0.158378573102183,0.113475319695189,0.368641212781956,0.436364546065979,0.292749301615533,0.532465281685007,0.0339503407806021,0.05717111151694,0.0431482271892054,0.0716723847603652,0.113475319695189,0.368641212781956,0.436364546065979,0.292749301615533,0.532476969551437,0.250162084816061,0.05717111151694,0.0431482247029727,0.071672385850147,0.113475319695189,0.368641212781956,0.436364546065979,0.292749301615533,0.3882119627915,0.213377939820774,0.167118309822252,0.181383441959723,0.158378573102183,0.113475319695189,0.368641212781956,0.436364546065979,0.292749301615533,0.458472284399971,0.334552588703766,0.167118309822252,0.181383441959723,0.158378573102183,0.113475319695189
"31",16,16,14,13,13,13,0,0,0,16,16,12,10,13,13,0,0,0,16,16,11,10,0,0,0,0,0,16,16,6,0,0,0,0,0,0,0.591256525747165,0.28493926155665,0.289414372589567,0.308108149780705,0.133730335233706,0.136019828107112,0.147367388946612,0.128592323877292,0.0699176826584094,0.77749652114186,0.32070294975024,0.299873149778061,0.0474781650858701,0.0479293739342873,0.0556861300991118,0.147367388946612,0.128592323877292,0.0699176826584094,0.77749652114186,0.32070294975024,0.381947796873852,0.15853719253707,0.0479587471815227,0.0556848423857438,0.147367388946612,0.128592323877292,0.0699176826584094,0.77749652114186,0.32070294975024,0.310149860910883,0.15853719253707,0.133730335233706,0.136019828107112,0.147367388946612,0.128592323877292,0.0699176826584094,0.77749652114186,0.32070294975024,0.367568136773512,0.308108149780705,0.133730335233706,0.136019828107112,0.147367388946612,0.128592323877292,0.0699176826584094
"32",16,16,16,13,2,13,13,13,0,16,16,16,5,2,13,13,13,0,16,16,16,11,2,0,0,0,0,16,16,16,5,2,0,0,0,0,0.343321384489848,0.244951827245595,0.447524689947426,0.270645004973359,0.203046154388817,0.145058827119433,0.153760008898812,0.110033760135098,0.0757826756882292,0.364739179989103,0.458422969391924,0.539962287742184,0.151699525414069,0.421079562206358,0.0400855324494772,0.0562662767869463,0.0569426741613709,0.0757826756882292,0.364739179989103,0.458422969391924,0.539962287742184,0.329033768290885,0.421101681862478,0.0400855660111988,0.0562197880004721,0.0569426741613709,0.0757826756882292,0.364739179989103,0.458422969391924,0.539962287742184,0.22618177440146,0.421101899803655,0.145058827119433,0.153760008898812,0.110033760135098,0.0757826756882292,0.364739179989103,0.458422969391924,0.539962287742184,0.329033768290885,0.421079562206358,0.145058827119433,0.153760008898812,0.110033760135098,0.0757826756882292
"33",16,16,16,10,13,13,13,0,0,16,16,16,10,13,13,13,0,0,16,16,16,4,0,0,0,0,0,16,16,16,1,0,0,0,0,0,0.720055808842921,0.377616054299672,0.237189490313677,0.219561008709413,0.333215412453489,0.230463748662381,0.105002312153344,0.121686323394106,0.1361600152237,0.301811865395921,0.204715300290717,0.517344135555338,0.253163430898493,0.0663931736458434,0.0699846288003826,0.0375248445728912,0.121686323394106,0.1361600152237,0.301811865395921,0.204715300290717,0.517344135555338,0.253165455385124,0.0663931736458434,0.0699855035756041,0.0375248445728912,0.121686323394106,0.1361600152237,0.301811865395921,0.204715300290717,0.517344135555338,0.397035104777225,0.333215412453489,0.230463748662381,0.105002312153344,0.121686323394106,0.1361600152237,0.301811865395921,0.204715300290717,0.517344135555338,0.243539778729962,0.333215412453489,0.230463748662381,0.105002312153344,0.121686323394106,0.1361600152237
"34",16,16,16,2,13,13,13,0,0,16,16,16,2,13,13,13,0,0,16,16,16,10,0,0,0,0,0,16,16,16,2,0,0,0,0,0,0.82903659618562,0.446084598878533,0.577470408694266,0.272518270815731,0.234512178652284,0.167377826677739,0.221493686868662,0.195187150861712,0.138857960607194,0.514924210911864,0.257565975953422,0.3214988222755,0.455057728620049,0.0715278795725993,0.0887580914403589,0.0953067692812431,0.195187150861712,0.138857960607194,0.514924210911864,0.257565975953422,0.3214988222755,0.455057728620049,0.0715278795725993,0.0887580914403589,0.0953067692812431,0.195187150861712,0.138857960607194,0.514924210911864,0.257565975953422,0.3214988222755,0.459177416639181,0.234512178652284,0.167377826677739,0.221493686868662,0.195187150861712,0.138857960607194,0.514924210911864,0.257565975953422,0.3214988222755,0.455057728620049,0.234512178652284,0.167377826677739,0.221493686868662,0.195187150861712,0.138857960607194
"35",16,16,9,2,10,13,13,0,0,16,16,3,10,13,13,13,0,0,16,16,10,10,10,0,0,0,0,16,16,2,2,0,0,0,0,0,0.514731820419603,0.468092345584637,0.272351932592882,0.17002560866871,0.389825135566674,0.232053553046345,0.199720706002562,0.106718552319311,0.102744149760689,0.367898063798683,0.316721801777888,0.346988238322111,0.339556643939959,0.197160278212215,0.0581832649275764,0.0723179955047148,0.106718552319311,0.102744149760689,0.367898063798683,0.316721801777888,0.384100363860749,0.220500229368006,0.130797073410335,0.0581832649275764,0.0722252290518716,0.106718552319311,0.102744149760689,0.367898063798683,0.316721801777888,0.306616012350173,0.220500220883297,0.197160396650551,0.232053553046345,0.199720706002562,0.106718552319311,0.102744149760689,0.367898063798683,0.316721801777888,0.319462842166743,0.339556720670027,0.389825135566674,0.232053553046345,0.199720706002562,0.106718552319311,0.102744149760689
"36",16,16,16,15,11,13,13,13,13,16,16,16,2,9,13,13,13,13,16,16,16,2,9,0,0,0,0,16,16,16,2,1,0,0,0,0,0.538853362402416,0.185985259332324,0.345653402073734,0.221965278596158,0.235477802957792,0.23869651291539,0.141103051893139,0.117593693812502,0.0885145964648446,0.299605002991125,0.432984433996555,0.451402752737097,0.308581585701781,0.320628281357385,0.136736700598301,0.0326133304105557,0.0793275137675902,0.0330871807471655,0.299605002991125,0.432984433996555,0.451402752737097,0.240735276179341,0.259147972759109,0.136736700598301,0.0326132724610519,0.0793137646833925,0.0330871807471655,0.299605002991125,0.432984433996555,0.451402752737097,0.24073527630141,0.259147426246629,0.23869651291539,0.141103051893139,0.117593693812502,0.0885145964648446,0.299605002991125,0.432984433996555,0.451402752737097,0.240735276004235,0.31005097642997,0.23869651291539,0.141103051893139,0.117593693812502,0.0885145964648446
"37",16,16,11,11,13,13,13,13,0,16,16,1,13,13,13,13,13,0,16,16,11,5,0,0,0,0,0,16,16,1,5,0,0,0,0,0,0.868183519678031,0.213515883722242,0.370900759365731,0.263147560878323,0.281882275399866,0.168254550544906,0.205171115776325,0.0922134976992485,0.0596986369197768,0.461984525726737,0.32124789964211,0.213324044026942,0.379969714734855,0.160798168603987,0.0443847028948373,0.0722012961873911,0.0276873377353645,0.0596986369197768,0.461984525726737,0.32124789964211,0.754066692375145,0.0845953842753737,0.160798168603987,0.0443847028948373,0.0722012961873911,0.0277005400173906,0.0596986369197768,0.461984525726737,0.32124789964211,0.213324001738254,0.225481920381627,0.281882275399866,0.168254550544906,0.205171115776325,0.0922134976992485,0.0596986369197768,0.461984525726737,0.32124789964211,0.754066692375145,0.225481920381627,0.281882275399866,0.168254550544906,0.205171115776325,0.0922134976992485,0.0596986369197768
"38",16,16,16,13,6,13,0,0,0,16,16,16,13,13,13,0,0,0,16,16,16,0,8,0,0,0,0,16,16,16,0,6,0,0,0,0,0.259084668016942,0.790631496724586,0.365205913047367,0.227772882252679,0.227799225584917,0.226613840891859,0.146996948146724,0.071251061464518,0.104767426236998,0.467118998928814,0.471266067507473,0.256964620584363,0.0550045476061148,0.295865958562171,0.0619004448944562,0.146996948146724,0.071251061464518,0.104767426236998,0.467118998928814,0.471266067507473,0.256964620584363,0.0550049922215776,0.103278889259376,0.0618996425811494,0.146996948146724,0.071251061464518,0.104767426236998,0.467118998928814,0.471266067507473,0.256964620584363,0.227772882252679,0.347731577744472,0.226613840891859,0.146996948146724,0.071251061464518,0.104767426236998,0.467118998928814,0.471266067507473,0.256964620584363,0.227772882252679,0.295865958562171,0.226613840891859,0.146996948146724,0.071251061464518,0.104767426236998
"39",16,16,16,1,8,13,13,13,0,16,16,16,13,10,13,13,13,0,16,16,16,9,1,0,0,0,0,16,16,16,4,1,0,0,0,0,1.30307505840136,0.286878442575509,0.353590956265483,0.238311888987594,0.238553387640893,0.246383260290197,0.167603631021765,0.15867397266638,0.0666287206987284,1.36591131084121,0.423729137839224,0.34147851714412,0.349746809061955,0.304432315082916,0.120495328622798,0.0991529863679659,0.0383249495275696,0.0666287206987284,1.36591131084121,0.423729137839224,0.34147851714412,0.100751922476885,0.198133704578382,0.120495328622798,0.0991529863679659,0.0383249495275696,0.0666287206987284,1.36591131084121,0.423729137839224,0.34147851714412,0.400609151271016,0.304595595422173,0.246383260290197,0.167603631021765,0.15867397266638,0.0666287206987284,1.36591131084121,0.423729137839224,0.34147851714412,0.485771943638861,0.304595595422173,0.246383260290197,0.167603631021765,0.15867397266638,0.0666287206987284
"40",16,16,15,15,13,13,13,0,0,16,16,4,8,10,13,13,0,0,16,16,10,9,10,0,0,0,0,16,16,16,5,0,0,0,0,0,0.375240621995812,0.972568358326789,0.298928429066734,0.225994937898877,0.147159065305263,0.147434866536832,0.135248036682468,0.178850721722497,0.106098055977594,0.317485550346271,0.407509723435357,0.281918996588061,0.263451076303129,0.127106959537993,0.0509249088122892,0.0443468181086012,0.178850721722497,0.106098055977594,0.317485550346271,0.407509723435357,0.385969200200103,0.259346378693397,0.221548235456332,0.0509249475794662,0.0443468314655491,0.178850721722497,0.106098055977594,0.317485550346271,0.407509723435357,0.136669144896533,0.423972540843403,0.221511919143688,0.147434866536832,0.135248036682468,0.178850721722497,0.106098055977594,0.317485550346271,0.407509723435357,0.311740452900872,0.264949921819542,0.147159065305263,0.147434866536832,0.135248036682468,0.178850721722497,0.106098055977594
"41",16,16,16,13,13,13,13,13,0,16,16,16,13,13,13,13,13,0,16,16,16,0,0,0,0,0,0,16,16,16,0,0,0,0,0,0,0.35826539772698,0.263406724811673,0.205382123410533,0.217415651862534,0.281520163371339,0.194427599978268,0.169700355896853,0.0806010356193985,0.167098311757682,0.236842432198329,0.367186505220613,0.331400214897794,0.0749607447087757,0.101327171049124,0.0471853539992978,0.029027749807622,0.0347341105666608,0.167098311757682,0.236842432198329,0.367186505220613,0.331400214897794,0.0749607447087757,0.101327171049124,0.0471853539992978,0.0290278363182798,0.0347341152442668,0.167098311757682,0.236842432198329,0.367186505220613,0.331400214897794,0.217415651862534,0.281520163371339,0.194427599978268,0.169700355896853,0.0806010356193985,0.167098311757682,0.236842432198329,0.367186505220613,0.331400214897794,0.217415651862534,0.281520163371339,0.194427599978268,0.169700355896853,0.0806010356193985,0.167098311757682
"42",16,16,15,1,2,13,13,13,0,16,16,3,2,10,13,13,13,0,16,16,12,5,2,0,0,0,0,16,16,16,16,5,0,0,0,0,0.577508991160429,0.165107529183222,0.226941415248951,0.251054842519641,0.270824057787321,0.387297010466979,0.142337149924788,0.082255283508115,0.132971138311949,0.863622460805922,0.188941074944746,0.281294861988071,0.270698455997989,0.354952244078442,0.0611274603899962,0.0438036681238889,0.052655308596928,0.132971138311949,0.863622460805922,0.188941074944746,0.369958679502635,0.382570520537138,0.245234771036287,0.0611267746057717,0.0438036681238889,0.052655308596928,0.132971138311949,0.863622460805922,0.188941074944746,0.454731911304496,0.302544170031103,0.354952270825036,0.387297010466979,0.142337149924788,0.082255283508115,0.132971138311949,0.863622460805922,0.188941074944746,0.339075752723649,0.316674972278941,0.292636791162357,0.387297010466979,0.142337149924788,0.082255283508115,0.132971138311949
"43",16,16,14,6,6,13,0,13,0,16,16,3,7,5,13,0,13,0,16,16,1,8,3,0,0,0,0,16,16,16,6,1,0,0,0,0,0.832234100425522,0.228770669113947,0.232658379318767,0.11221572180559,0.280276294571091,0.140373998223124,0.207456017463475,0.151242679607549,0.103470865832676,0.473882488460974,0.235801033228333,0.289173607390113,0.34630438890448,0.235433807856971,0.077752546787016,0.207456017463475,0.0547501933489499,0.103470865832676,0.473882488460974,0.235801033228333,0.364858200276746,0.365116047811469,0.324089495897676,0.077732429860005,0.207456017463475,0.0547496496352518,0.103470865832676,0.473882488460974,0.235801033228333,0.248017810695727,0.416429233273132,0.304609267905041,0.140373998223124,0.207456017463475,0.151242679607549,0.103470865832676,0.473882488460974,0.235801033228333,0.259190816045379,0.34630438890448,0.338231986866093,0.140373998223124,0.207456017463475,0.151242679607549,0.103470865832676
"44",16,16,11,13,10,13,13,0,0,16,16,5,2,13,13,13,0,0,16,16,8,2,2,0,0,0,0,16,16,5,2,2,0,0,0,0,0.532221590347983,0.662430647349376,0.268780564547761,0.226669162660992,0.181922765647775,0.316592808355299,0.215717934438621,0.143178395341653,0.0981146473981293,0.642006480561387,0.536075463712936,0.687295511609026,0.141375037637164,0.172909743928649,0.113176495963205,0.0480946563334907,0.143178395341653,0.0981146473981293,0.642006480561387,0.536075463712936,0.168720390787977,0.312960522280568,0.118274472092489,0.113176526611644,0.0480950629891002,0.143178395341653,0.0981146473981293,0.642006480561387,0.536075463712936,0.430357531653137,0.312960803630844,0.331299554379008,0.316592808355299,0.215717934438621,0.143178395341653,0.0981146473981293,0.642006480561387,0.536075463712936,0.168719894460088,0.31296063337751,0.331299554379008,0.316592808355299,0.215717934438621,0.143178395341653,0.0981146473981293
"45",16,16,16,1,10,13,0,0,0,16,16,16,3,13,13,0,0,0,16,16,16,2,10,0,0,0,0,16,16,16,3,0,0,0,0,0,0.774756175872788,0.628634642032714,0.103499873852805,0.29056881090456,0.282826947225973,0.230930659644593,0.130360122374649,0.132194749374045,0.0906550918074654,0.424766389520359,0.326770551443293,0.515241885836794,0.284537912289523,0.209048749177219,0.0777426925673616,0.130360122374649,0.132194749374045,0.0906550918074654,0.424766389520359,0.326770551443293,0.515241885836794,0.400140301989631,0.0626060478714547,0.0897401309208617,0.130360122374649,0.132194749374045,0.0906550918074654,0.424766389520359,0.326770551443293,0.515241885836794,0.458038507353309,0.209055134699968,0.230930659644593,0.130360122374649,0.132194749374045,0.0906550918074654,0.424766389520359,0.326770551443293,0.515241885836794,0.400140473215306,0.282826947225973,0.230930659644593,0.130360122374649,0.132194749374045,0.0906550918074654
"46",16,16,16,1,13,13,0,0,0,16,16,16,11,13,13,0,0,0,16,16,16,10,0,0,0,0,0,16,16,16,1,0,0,0,0,0,0.390248348976179,0.637224132880817,0.115824792564211,0.127108084407766,0.153210572559666,0.171060898686705,0.149709757608839,0.125997471035694,0.118543100256029,0.202821866085086,0.283746412370471,0.287261934058007,0.234655829957984,0.0439195731719824,0.0687604872289354,0.149709757608839,0.125997471035694,0.118543100256029,0.202821866085086,0.283746412370471,0.287261934058007,0.32869792447164,0.0439195731719824,0.068760350218228,0.149709757608839,0.125997471035694,0.118543100256029,0.202821866085086,0.283746412370471,0.287261934058007,0.162365757359196,0.153210572559666,0.171060898686705,0.149709757608839,0.125997471035694,0.118543100256029,0.202821866085086,0.283746412370471,0.287261934058007,0.234655947253392,0.153210572559666,0.171060898686705,0.149709757608839,0.125997471035694,0.118543100256029
"47",16,16,4,12,10,13,13,0,0,16,16,13,13,6,13,13,0,0,16,16,10,12,6,0,0,0,0,16,16,1,6,6,0,0,0,0,0.874911033354544,0.305531967986745,0.386589162727453,0.255804420156895,0.212770931857312,0.22769398229304,0.14964743890334,0.0853398045905635,0.0671601591194832,0.497021819533277,0.540807181954358,0.494626586390788,0.321069552198319,0.217940874691157,0.0394817056603478,0.0525411999312636,0.0853398045905635,0.0671601591194832,0.497021819533277,0.540807181954358,0.148684047213812,0.152421205506706,0.388759320285736,0.0394817056603478,0.0525411999312636,0.0853398045905635,0.0671601591194832,0.497021819533277,0.540807181954358,0.328453116567128,0.321070983106893,0.388759389266275,0.22769398229304,0.14964743890334,0.0853398045905635,0.0671601591194832,0.497021819533277,0.540807181954358,0.261478225041123,0.616365020563277,0.388759389266275,0.22769398229304,0.14964743890334,0.0853398045905635,0.0671601591194832
"48",16,16,16,11,13,13,13,0,0,16,16,16,1,13,13,13,0,0,16,16,16,6,0,0,0,0,0,16,16,16,6,0,0,0,0,0,1.01018010931322,0.194834115864061,0.327176479637853,0.202689760352959,0.144325873444922,0.273149068797971,0.140685570727889,0.1059511838309,0.0674907689191327,0.349389677213995,0.313437663154147,0.432424231121136,0.284322591230182,0.0413147801977546,0.137178451423914,0.0732472302840129,0.1059511838309,0.0674907689191327,0.349389677213995,0.313437663154147,0.432424231121136,0.277461533477756,0.0413094119877579,0.137178451423914,0.0760439128233069,0.1059511838309,0.0674907689191327,0.349389677213995,0.313437663154147,0.432424231121136,0.274422477596811,0.144325873444922,0.273149068797971,0.140685570727889,0.1059511838309,0.0674907689191327,0.349389677213995,0.313437663154147,0.432424231121136,0.274422477596811,0.144325873444922,0.273149068797971,0.140685570727889,0.1059511838309,0.0674907689191327
"49",16,16,1,13,2,13,13,0,0,16,16,13,13,10,13,13,0,0,16,16,1,12,12,0,0,0,0,16,16,2,5,2,0,0,0,0,0.629195926399819,0.388868714841892,0.285833845204142,0.173394628789651,0.26186667800563,0.315262359150612,0.136687337586394,0.0938191364897876,0.116956837001033,0.428837140869695,0.648184211774412,0.211552380359141,0.0753995534521616,0.277509245886008,0.115374090928872,0.0498002702466612,0.0938191364897876,0.116956837001033,0.428837140869695,0.648184211774412,0.128367756219735,0.0753995534521616,0.272848628377779,0.127382251383126,0.0498003617637787,0.0938191364897876,0.116956837001033,0.428837140869695,0.648184211774412,0.211550689204858,0.406383302796066,0.451888963379646,0.315262359150612,0.136687337586394,0.0938191364897876,0.116956837001033,0.428837140869695,0.648184211774412,0.486327163834755,0.224808682827363,0.277509243224968,0.315262359150612,0.136687337586394,0.0938191364897876,0.116956837001033
"50",16,16,16,12,13,13,13,13,0,16,16,16,5,13,13,13,13,0,16,16,16,10,0,0,0,0,0,16,16,16,16,0,0,0,0,0,0.628033326427436,0.308211754665937,0.303027988429813,0.244351781460743,0.280033734084052,0.189576237297496,0.105073766242723,0.177641207437607,0.080887136037053,0.872302433540167,0.285869078689727,0.28555414686422,0.399847495132349,0.106502911019666,0.0617624192607429,0.0310106047359125,0.0364087423087433,0.080887136037053,0.872302433540167,0.285869078689727,0.28555414686422,0.400225129398351,0.106502911019666,0.0617624192607429,0.0422527451514717,0.0364101283837918,0.080887136037053,0.872302433540167,0.285869078689727,0.28555414686422,0.34325784862948,0.280033734084052,0.189576237297496,0.105073766242723,0.177641207437607,0.080887136037053,0.872302433540167,0.285869078689727,0.28555414686422,0.387028040740476,0.280033734084052,0.189576237297496,0.105073766242723,0.177641207437607,0.080887136037053
"51",16,16,6,16,13,13,13,0,13,16,16,16,16,10,13,13,0,13,16,16,16,16,10,0,0,0,0,16,16,16,16,0,0,0,0,0,0.647314281170914,0.71538848943416,0.371293474757815,0.227367217288436,0.237471626585682,0.280180484716067,0.0848950491977347,0.125596916850041,0.099583050148067,0.622943187178377,0.29805089022592,0.381277674521337,0.314777847514384,0.175928841473305,0.136734996849516,0.0420246632012517,0.125596916850041,0.0546484958826534,0.622943187178377,0.29805089022592,0.383369943952837,0.314777847514384,0.284353118621845,0.136734957080829,0.0420253019042085,0.125596916850041,0.0546484958826534,0.622943187178377,0.29805089022592,0.383369943952837,0.314777847514384,0.284338760417734,0.280180484716067,0.0848950491977347,0.125596916850041,0.099583050148067,0.622943187178377,0.29805089022592,0.383369943952837,0.314777847514384,0.237471626585682,0.280180484716067,0.0848950491977347,0.125596916850041,0.099583050148067
"52",16,16,16,13,10,13,13,13,13,16,16,16,13,13,13,13,13,13,16,16,16,1,10,0,0,0,0,16,16,16,3,0,0,0,0,0,0.22163050567654,0.213671418460226,0.223424031780687,0.225619055771755,0.16979360686088,0.260704612066541,0.130824637117883,0.138707113261432,0.119695381603678,0.416080154143477,0.574458927770434,0.348601423606832,0.10380221345382,0.154096739395097,0.14641462900024,0.0320721216171626,0.0399063225781723,0.0463907834860358,0.416080154143477,0.574458927770434,0.348601423606832,0.104209882537315,0.118931350892776,0.14641462900024,0.0323770678786335,0.0399063225781723,0.0463907834860358,0.416080154143477,0.574458927770434,0.348601423606832,0.373899198473906,0.154096744407264,0.260704612066541,0.130824637117883,0.138707113261432,0.119695381603678,0.416080154143477,0.574458927770434,0.348601423606832,0.439458855445099,0.16979360686088,0.260704612066541,0.130824637117883,0.138707113261432,0.119695381603678
"53",16,16,16,15,13,13,13,13,0,16,16,16,7,13,13,13,13,0,16,16,16,12,0,0,0,0,0,16,16,16,2,0,0,0,0,0,0.166047730112865,0.296079576212226,0.64657739523244,0.328546694793919,0.169630293178917,0.194894626134117,0.139231046386792,0.122282719423076,0.112174459479368,0.390058150750528,0.3296966327589,0.463461195165757,0.280339378527121,0.105439584737639,0.0439730298261785,0.0338216682481512,0.0424307927705693,0.112174459479368,0.390058150750528,0.3296966327589,0.463461195165757,0.327771522638125,0.105439668056059,0.0439730298261785,0.0338216682481512,0.0424333975510959,0.112174459479368,0.390058150750528,0.3296966327589,0.463461195165757,0.243146273493264,0.169630293178917,0.194894626134117,0.139231046386792,0.122282719423076,0.112174459479368,0.390058150750528,0.3296966327589,0.463461195165757,0.311839510407668,0.169630293178917,0.194894626134117,0.139231046386792,0.122282719423076,0.112174459479368
"54",16,16,16,12,13,13,13,13,0,16,16,16,6,10,13,13,13,0,16,16,16,10,10,0,0,0,0,16,16,16,6,0,0,0,0,0,0.627181922898207,0.416279856628239,0.468361788675467,0.242144966812961,0.40239628383204,0.13945989245926,0.131033175903731,0.151463172885292,0.0890112468466838,0.200487607861486,0.492273822443507,0.350811525841299,0.303791212128749,0.14042104706206,0.0506554551624578,0.0543538116246975,0.0694067062488561,0.0890112468466838,0.200487607861486,0.492273822443507,0.350811525841299,0.250493905680183,0.227631268167771,0.0506554551624578,0.0543538116246975,0.0694067062488561,0.0890112468466838,0.200487607861486,0.492273822443507,0.350811525841299,0.329746948514418,0.227631065433361,0.13945989245926,0.131033175903731,0.151463172885292,0.0890112468466838,0.200487607861486,0.492273822443507,0.350811525841299,0.250493905680183,0.40239628383204,0.13945989245926,0.131033175903731,0.151463172885292,0.0890112468466838
"55",16,16,16,14,13,13,13,0,0,16,16,16,11,13,13,13,0,0,16,16,16,5,0,0,0,0,0,16,16,16,6,0,0,0,0,0,0.754021653804538,0.207542240560765,0.288093855624029,0.230977297045456,0.286147306018065,0.100108911290333,0.118358312857543,0.157840787855506,0.114499391199123,0.471730997511259,0.320210428012121,0.335154648784237,0.42272886947613,0.0507862254770545,0.0512074121590178,0.0306113756389131,0.157840787855506,0.114499391199123,0.471730997511259,0.320210428012121,0.335154648784237,0.346138193422379,0.0507720904288035,0.0512074085613049,0.0306113756389131,0.157840787855506,0.114499391199123,0.471730997511259,0.320210428012121,0.335154648784237,0.33184961744482,0.286147306018065,0.100108911290333,0.118358312857543,0.157840787855506,0.114499391199123,0.471730997511259,0.320210428012121,0.335154648784237,0.274421571818154,0.286147306018065,0.100108911290333,0.118358312857543,0.157840787855506,0.114499391199123
"56",16,16,16,11,9,13,13,0,0,16,16,16,13,6,13,13,0,0,16,16,16,5,9,0,0,0,0,16,16,16,16,2,0,0,0,0,0.615543177635619,0.529668080383775,0.294840539585561,0.331532325969391,0.184922088276097,0.229400497841616,0.13090055638317,0.129776172291067,0.0934019141678867,0.644478261282252,0.244986730487478,0.360969692984455,0.310127825060511,0.291749401859961,0.0855578319537656,0.0633894029050676,0.129776172291067,0.0934019141678867,0.644478261282252,0.244986730487478,0.360969692984455,0.145775955152776,0.193551315211932,0.0855668652161787,0.0633893765247552,0.129776172291067,0.0934019141678867,0.644478261282252,0.244986730487478,0.360969692984455,0.31192158212553,0.291749884024033,0.229400497841616,0.13090055638317,0.129776172291067,0.0934019141678867,0.644478261282252,0.244986730487478,0.360969692984455,0.318646258590314,0.215415475123935,0.229400497841616,0.13090055638317,0.129776172291067,0.0934019141678867
"57",16,16,12,1,13,13,13,0,0,16,16,11,5,8,13,13,0,0,16,16,5,10,5,0,0,0,0,16,16,2,1,5,0,0,0,0,0.397178156733139,0.345839874523768,0.299559768751364,0.209487792361747,0.200456397245698,0.200640389945921,0.11864577048562,0.138706521827138,0.0876596535996345,0.367036060728304,0.391460465370295,0.409768022120426,0.4092964932194,0.0613115819732719,0.0584730339428292,0.0326714212368471,0.138706521827138,0.0876596535996345,0.367036060728304,0.391460465370295,0.483976810923529,0.236706969281658,0.308135133036508,0.0584730339428292,0.0326714210894992,0.138706521827138,0.0876596535996345,0.367036060728304,0.391460465370295,0.343122053105001,0.285566795413085,0.257497566378496,0.200640389945921,0.11864577048562,0.138706521827138,0.0876596535996345,0.367036060728304,0.391460465370295,0.263730125975933,0.4092964932194,0.257497336270575,0.200640389945921,0.11864577048562,0.138706521827138,0.0876596535996345
"58",16,16,12,10,13,13,13,13,0,16,16,6,12,13,13,13,13,0,16,16,4,10,12,0,0,0,0,16,16,16,1,1,0,0,0,0,0.65944954034378,0.795612637864127,0.316500596895954,0.267542760787544,0.335273547277583,0.334966443064419,0.230263282680427,0.111059391707206,0.0819878593791466,0.46896118934133,0.264798286099639,0.375710875543433,0.27767592681887,0.0758552220436936,0.0939325599624656,0.11922608351829,0.0363386973550681,0.0819878593791466,0.46896118934133,0.264798286099639,0.342113232395701,0.490027540074118,0.0758552220436936,0.0939325102480532,0.11922608351829,0.0363386973550681,0.0819878593791466,0.46896118934133,0.264798286099639,0.404814384243799,0.27767592681887,0.2773386715493,0.334966443064419,0.230263282680427,0.111059391707206,0.0819878593791466,0.46896118934133,0.264798286099639,0.333799603483519,0.411096248774992,0.429256835043915,0.334966443064419,0.230263282680427,0.111059391707206,0.0819878593791466
"59",16,16,16,13,13,13,13,13,0,16,16,16,4,13,13,13,13,0,16,16,16,9,0,0,0,0,0,16,16,16,3,0,0,0,0,0,0.499421527457351,0.404891858567327,0.345321642501155,0.225532302189467,0.243342283515536,0.211989954673725,0.214386256861653,0.184566178621131,0.127127198738764,0.520767710603996,0.774713206797383,0.587618984651283,0.104812639967314,0.0849228808009071,0.0769904604708564,0.12700644734836,0.0569564416612394,0.127127198738764,0.520767710603996,0.774713206797383,0.587618984651283,0.314699605396141,0.0849228808009071,0.0769904604708564,0.127006111676549,0.0569569406192482,0.127127198738764,0.520767710603996,0.774713206797383,0.587618984651283,0.264196758367838,0.243342283515536,0.211989954673725,0.214386256861653,0.184566178621131,0.127127198738764,0.520767710603996,0.774713206797383,0.587618984651283,0.432219399276522,0.243342283515536,0.211989954673725,0.214386256861653,0.184566178621131,0.127127198738764
"60",16,16,16,14,12,13,13,0,0,16,16,16,11,5,13,13,0,0,16,16,16,7,6,0,0,0,0,16,16,16,1,16,0,0,0,0,0.683526531553171,0.377108704998192,0.329725597991446,0.275515259233575,0.311894190913773,0.120458913773317,0.180187144443867,0.0958695953052685,0.0666246222852166,0.410444843595327,0.411473012563616,0.347512090532799,0.286086691613433,0.37391701962258,0.0483033358055096,0.0627071443783022,0.0958695953052685,0.0666246222852166,0.410444843595327,0.411473012563616,0.347512090532799,0.221888414402741,0.288701565787612,0.0483033132369475,0.0627075417526599,0.0958695953052685,0.0666246222852166,0.410444843595327,0.411473012563616,0.347512090532799,0.400515040810317,0.26381384559838,0.120458913773317,0.180187144443867,0.0958695953052685,0.0666246222852166,0.410444843595327,0.411473012563616,0.347512090532799,0.301229985293097,0.33111000101596,0.120458913773317,0.180187144443867,0.0958695953052685,0.0666246222852166
"61",16,16,16,10,11,13,13,0,0,16,16,16,3,11,13,13,0,0,16,16,16,6,11,0,0,0,0,16,16,16,3,0,0,0,0,0,0.283688261384532,0.39528442703105,0.262076284626308,0.140980387770393,0.260651723133053,0.127692596568237,0.25331187091083,0.112031387849411,0.0768564291800286,0.246452012366289,0.386901313438832,0.352684069961972,0.243764120968167,0.278504435205984,0.0582052513670602,0.0711426241558445,0.112031387849411,0.0768564291800286,0.246452012366289,0.386901313438832,0.352684069961972,0.359546434517962,0.278504435205984,0.0706055091515182,0.0711426241558445,0.112031387849411,0.0768564291800286,0.246452012366289,0.386901313438832,0.352684069961972,0.273168905101034,0.278504435205984,0.127692596568237,0.25331187091083,0.112031387849411,0.0768564291800286,0.246452012366289,0.386901313438832,0.352684069961972,0.359546434517962,0.260651723133053,0.127692596568237,0.25331187091083,0.112031387849411,0.0768564291800286
"62",16,16,16,5,6,13,13,0,0,16,16,16,5,6,13,13,0,0,16,16,16,4,6,0,0,0,0,16,16,16,2,6,0,0,0,0,0.325690677034627,0.250559279552014,0.208235345296499,0.308842076831005,0.267285284679899,0.224453059547864,0.189985965709599,0.102568478487673,0.0869698115450028,0.357370261075667,0.461514468163741,0.330552065101665,0.39915028121293,0.317108426787982,0.105899055704682,0.072336426981494,0.102568478487673,0.0869698115450028,0.357370261075667,0.461514468163741,0.330552065101665,0.399149907645698,0.317108426787982,0.105899055704682,0.072336426981494,0.102568478487673,0.0869698115450028,0.357370261075667,0.461514468163741,0.330552065101665,0.466970883308893,0.317108426787982,0.224453059547864,0.189985965709599,0.102568478487673,0.0869698115450028,0.357370261075667,0.461514468163741,0.330552065101665,0.436209989688501,0.317108426787982,0.224453059547864,0.189985965709599,0.102568478487673,0.0869698115450028
"63",16,16,16,16,13,13,13,0,0,16,16,16,16,13,13,13,0,0,16,16,16,16,0,0,0,0,0,16,16,16,16,0,0,0,0,0,0.56370780155156,0.277552220767576,0.282046494084168,0.407512517304845,0.157915205654899,0.0744597009304842,0.186625915672462,0.101240897727981,0.0980605977257993,0.46267892448196,0.249888777042347,0.347126670773966,0.321284110293399,0.054155839907445,0.0508787699678953,0.0760873937591404,0.101240897727981,0.0980605977257993,0.46267892448196,0.249888777042347,0.347126670773966,0.321284110293399,0.0541588247259441,0.0508787699678953,0.0760878457367616,0.101240897727981,0.0980605977257993,0.46267892448196,0.249888777042347,0.347126670773966,0.321284110293399,0.157915205654899,0.0744597009304842,0.186625915672462,0.101240897727981,0.0980605977257993,0.46267892448196,0.249888777042347,0.347126670773966,0.321284110293399,0.157915205654899,0.0744597009304842,0.186625915672462,0.101240897727981,0.0980605977257993
"64",16,16,16,13,13,13,13,13,0,16,16,16,8,13,13,13,13,0,16,16,16,6,0,0,0,0,0,16,16,16,6,0,0,0,0,0,0.222504640729712,0.69416848513039,0.530739475449623,0.334148237476788,0.451056173069397,0.159483679781648,0.134918991831804,0.101478186562317,0.141030871595746,0.286468118995994,0.464182698902265,0.275866961244053,0.0589740823329904,0.109395317305221,0.0745566530184253,0.0544893601206558,0.0354471898285443,0.141030871595746,0.286468118995994,0.464182698902265,0.275866961244053,0.37541797732187,0.109395305075931,0.0745566530184253,0.0544908029536497,0.035447575631173,0.141030871595746,0.286468118995994,0.464182698902265,0.275866961244053,0.301808634172601,0.451056173069397,0.159483679781648,0.134918991831804,0.101478186562317,0.141030871595746,0.286468118995994,0.464182698902265,0.275866961244053,0.301808163600417,0.451056173069397,0.159483679781648,0.134918991831804,0.101478186562317,0.141030871595746
"65",16,16,16,8,13,13,13,0,0,16,16,16,5,13,13,13,0,0,16,16,16,5,0,0,0,0,0,16,16,16,4,0,0,0,0,0,0.377845811376414,0.164762175896226,0.438703629942434,0.261972137270805,0.256454912693073,0.241329164824911,0.180233619085876,0.205853064565093,0.0857506064046278,0.155275968160718,0.34500780660982,0.282822431672859,0.43416594986261,0.124112013653047,0.0459085633520163,0.111114899400991,0.205853064565093,0.0857506064046278,0.155275968160718,0.34500780660982,0.282822431672859,0.435620614644312,0.124732487588974,0.0454013450508273,0.111102082373725,0.205853064565093,0.0857506064046278,0.155275968160718,0.34500780660982,0.282822431672859,0.435620614644312,0.256454912693073,0.241329164824911,0.180233619085876,0.205853064565093,0.0857506064046278,0.155275968160718,0.34500780660982,0.282822431672859,0.335747030926471,0.256454912693073,0.241329164824911,0.180233619085876,0.205853064565093,0.0857506064046278
"66",16,16,16,15,10,13,13,13,0,16,16,16,8,10,13,13,13,0,16,16,16,11,10,0,0,0,0,16,16,16,2,0,0,0,0,0,0.517543125115746,0.634184489826412,0.581580450654978,0.254178519294687,0.154628633173476,0.195985538746694,0.192016597194738,0.132449589357578,0.125085469312404,0.364649883746375,0.412348531431018,0.343567314877094,0.367493160270787,0.216742096932686,0.0892942586189991,0.075167042665507,0.042021333155589,0.125085469312404,0.364649883746375,0.412348531431018,0.343567314877094,0.496465978409848,0.216742096932686,0.0892942586189991,0.075167042665507,0.042021333155589,0.125085469312404,0.364649883746375,0.412348531431018,0.343567314877094,0.394792121091508,0.216742096932686,0.195985538746694,0.192016597194738,0.132449589357578,0.125085469312404,0.364649883746375,0.412348531431018,0.343567314877094,0.459271816471846,0.154628633173476,0.195985538746694,0.192016597194738,0.132449589357578,0.125085469312404
"67",16,16,16,3,13,13,13,13,0,16,16,16,8,10,13,13,13,0,16,16,16,8,10,0,0,0,0,16,16,16,16,0,0,0,0,0,0.721599196349345,0.201614864485569,0.366222471491459,0.324663688731305,0.370707309677475,0.15006637651166,0.150243761392898,0.115818862732217,0.104597711653179,1.19186805986391,0.285582435307838,0.526819210848206,0.34480637339809,0.086922400344257,0.0950783173592823,0.083080928628582,0.0261861618838151,0.104597711653179,1.19186805986391,0.285582435307838,0.526819210848206,0.380109366752432,0.273652915869782,0.0950784960547003,0.083080928628582,0.0261861618838151,0.104597711653179,1.19186805986391,0.285582435307838,0.526819210848206,0.452362303206961,0.273649631698854,0.15006637651166,0.150243761392898,0.115818862732217,0.104597711653179,1.19186805986391,0.285582435307838,0.526819210848206,0.328542874154756,0.370707309677475,0.15006637651166,0.150243761392898,0.115818862732217,0.104597711653179
"68",16,16,6,6,15,13,13,13,0,16,16,6,3,11,13,13,13,0,16,16,8,12,11,0,0,0,0,16,16,3,3,6,0,0,0,0,0.554265676146082,0.244483762516253,0.394297879222546,0.25668148638184,0.329334046792997,0.097188924259667,0.123635418108471,0.0778848007343966,0.115752976966305,0.338063617783975,0.535688246485296,0.243055304822549,0.370798974776394,0.451927676229647,0.0478362704798307,0.0553731069366936,0.0408119256920225,0.115752976966305,0.338063617783975,0.535688246485296,0.243055304822549,0.429454268056727,0.404664969721949,0.047836690617256,0.0553731069366936,0.0408119345031145,0.115752976966305,0.338063617783975,0.535688246485296,0.3798511494762,0.618855974431698,0.404653780213353,0.097188924259667,0.123635418108471,0.0778848007343966,0.115752976966305,0.338063617783975,0.535688246485296,0.490426726409943,0.429454268056727,0.336557367955056,0.097188924259667,0.123635418108471,0.0778848007343966,0.115752976966305
"69",16,16,16,16,13,13,13,0,0,16,16,16,16,10,13,13,0,0,16,16,16,16,10,0,0,0,0,16,16,16,16,0,0,0,0,0,0.286450762316389,0.489667638759315,0.338781194220735,0.257652120106905,0.417237944942798,0.154663063819257,0.140868913263471,0.115391143620513,0.0961566351307575,0.424586438048583,0.623195123680635,0.371966987376526,0.287139072472249,0.0736939980775658,0.0464975537386842,0.0389681567419077,0.115391143620513,0.0961566351307575,0.424586438048583,0.623195123680635,0.371966987376526,0.287139072472249,0.294596236523204,0.0464975917484534,0.0389681567419077,0.115391143620513,0.0961566351307575,0.424586438048583,0.623195123680635,0.371966987376526,0.287139072472249,0.294596067939989,0.154663063819257,0.140868913263471,0.115391143620513,0.0961566351307575,0.424586438048583,0.623195123680635,0.371966987376526,0.287139072472249,0.417237944942798,0.154663063819257,0.140868913263471,0.115391143620513,0.0961566351307575
"70",16,16,16,6,10,13,13,13,0,16,16,16,6,10,13,13,13,0,16,16,16,6,10,0,0,0,0,16,16,16,2,0,0,0,0,0,0.742979459546158,0.213795572045478,0.283027040970327,0.239586139497817,0.245040206917722,0.158753558613983,0.115972993519327,0.129740304199787,0.158168042303393,0.333820164539365,0.310990555492596,0.233960433243878,0.37968896927779,0.2321538809735,0.0810757716957193,0.052101258414101,0.0322286821797859,0.158168042303393,0.333820164539365,0.310990555492596,0.233960433243878,0.379688968383478,0.232153880925234,0.0810757716957193,0.0522664812102899,0.0322246656108684,0.158168042303393,0.333820164539365,0.310990555492596,0.233960433243878,0.37968896927779,0.23215388050122,0.158753558613983,0.115972993519327,0.129740304199787,0.158168042303393,0.333820164539365,0.310990555492596,0.233960433243878,0.402414313511324,0.245040206917722,0.158753558613983,0.115972993519327,0.129740304199787,0.158168042303393
"71",16,16,16,9,7,13,13,0,13,16,16,16,13,13,13,13,0,13,16,16,16,9,10,0,0,0,0,16,16,16,1,6,0,0,0,0,0.607441855880341,0.401139311688592,0.464430347347755,0.545593288717502,0.228792244921775,0.261596726110143,0.117604942281589,0.107867873535212,0.151747987913968,0.473821366910924,0.418128346468037,0.35603846501311,0.233414442679618,0.338533101673876,0.0918635955154337,0.0427674128792982,0.107867873535212,0.0506345087638703,0.473821366910924,0.418128346468037,0.35603846501311,0.194501544458521,0.0776681001828505,0.0918631999614078,0.0427674128792982,0.107867873535212,0.0506345089617398,0.473821366910924,0.418128346468037,0.35603846501311,0.233414440899513,0.200418989780243,0.261596726110143,0.117604942281589,0.107867873535212,0.151747987913968,0.473821366910924,0.418128346468037,0.35603846501311,0.494667305017299,0.274488860784235,0.261596726110143,0.117604942281589,0.107867873535212,0.151747987913968
"72",16,16,16,16,15,13,13,0,13,16,16,16,16,10,13,13,0,13,16,16,16,16,8,0,0,0,0,16,16,16,16,3,0,0,0,0,0.496517214425639,0.415539094880066,0.540865073204365,0.357384348142268,0.228110999951941,0.121734077839888,0.228397159144169,0.161414578953983,0.0831274481618646,0.73700456106963,0.502737461742375,0.320912633599509,0.395049464377476,0.390152885495335,0.0462986997654205,0.0618534466695278,0.161414578953983,0.0345367941060611,0.73700456106963,0.502737461742375,0.320912633599509,0.395049464377476,0.236157996029403,0.0462986997654205,0.061776884530917,0.161414578953983,0.0345366687530909,0.73700456106963,0.502737461742375,0.320912633599509,0.395049464377476,0.418742728780839,0.121734077839888,0.228397159144169,0.161414578953983,0.0831274481618646,0.73700456106963,0.502737461742375,0.320912633599509,0.395049464377476,0.326842468537953,0.121734077839888,0.228397159144169,0.161414578953983,0.0831274481618646
"73",16,16,16,10,13,13,13,0,0,16,16,16,2,10,13,13,0,0,16,16,16,10,10,0,0,0,0,16,16,16,5,0,0,0,0,0,1.13617277664417,0.34762276645765,0.306840661513736,0.482763371629381,0.13943148933827,0.223221697571954,0.162014210328576,0.147514841622251,0.110183322453131,0.466049383418042,0.44287099270614,0.350453934045013,0.332428940156015,0.045535717873462,0.0692515969833101,0.0609536441367745,0.147514841622251,0.110183322453131,0.466049383418042,0.44287099270614,0.350453934045013,0.346372186855255,0.282240972123577,0.0692515969833101,0.060953644219875,0.147514841622251,0.110183322453131,0.466049383418042,0.44287099270614,0.350453934045013,0.332428940156015,0.282272311454333,0.223221697571954,0.162014210328576,0.147514841622251,0.110183322453131,0.466049383418042,0.44287099270614,0.350453934045013,0.27353666046869,0.13943148933827,0.223221697571954,0.162014210328576,0.147514841622251,0.110183322453131
"74",16,16,16,12,14,13,13,0,0,16,16,16,12,5,13,13,0,0,16,16,16,12,5,0,0,0,0,16,16,16,5,6,0,0,0,0,0.501706258214223,0.353219249016754,0.19433647758441,0.291753697396665,0.194565371110649,0.143223144986538,0.166604275698059,0.165869659691968,0.14433236813429,0.400954144772629,0.560583333359904,0.265763124372091,0.320320184354884,0.220718135700522,0.0975316726526278,0.0438893111842182,0.165869659691968,0.14433236813429,0.400954144772629,0.560583333359904,0.265763124372091,0.270343800707321,0.301967404211437,0.0926774252841057,0.0438892687146472,0.165869659691968,0.14433236813429,0.400954144772629,0.560583333359904,0.265763124372091,0.270357145124845,0.262576061910487,0.143223144986538,0.166604275698059,0.165869659691968,0.14433236813429,0.400954144772629,0.560583333359904,0.265763124372091,0.332307910847912,0.265320768941331,0.143223144986538,0.166604275698059,0.165869659691968,0.14433236813429
"75",16,16,9,12,10,13,13,13,13,16,16,10,3,11,13,13,13,13,16,16,5,6,11,0,0,0,0,16,16,2,5,6,0,0,0,0,0.356040505263885,0.388564518866075,0.497958577263999,0.238155558366665,0.217294542673334,0.115012167981363,0.133568286275023,0.125196098288454,0.103987697970443,0.347211748474996,0.430816655194916,0.435896319567986,0.435817320882471,0.23426165375786,0.0852955626696938,0.0429787292360533,0.0423735247767644,0.0520482428364446,0.347211748474996,0.430816655194916,0.139162991606962,0.346350885289807,0.292500103181073,0.0852955626696938,0.0429787487313016,0.0423735100033593,0.0520509428144872,0.347211748474996,0.430816655194916,0.355054507897211,0.278009660549435,0.292499119346787,0.115012167981363,0.133568286275023,0.125196098288454,0.103987697970443,0.347211748474996,0.430816655194916,0.453429202118615,0.257815857511769,0.203430357552466,0.115012167981363,0.133568286275023,0.125196098288454,0.103987697970443
"76",16,16,16,4,13,13,13,0,0,16,16,16,10,13,13,13,0,0,16,16,16,1,0,0,0,0,0,16,16,16,1,0,0,0,0,0,0.752089674867584,0.39206549516696,0.358882330481386,0.222683300499062,0.222679231416981,0.172243033611269,0.17422733334415,0.134562036393433,0.0972804115121866,0.337333279801518,0.467969294893168,0.368085338144932,0.344126041363342,0.072963881066575,0.0467503721521534,0.0804990649681134,0.134562036393433,0.0972804115121866,0.337333279801518,0.467969294893168,0.368085338144932,0.248419598013296,0.0729668189505217,0.0467503721521534,0.0804990649681134,0.134562036393433,0.0972804115121866,0.337333279801518,0.467969294893168,0.368085338144932,0.331877495400105,0.222679231416981,0.172243033611269,0.17422733334415,0.134562036393433,0.0972804115121866,0.337333279801518,0.467969294893168,0.368085338144932,0.331875976375441,0.222679231416981,0.172243033611269,0.17422733334415,0.134562036393433,0.0972804115121866
"77",16,16,10,2,13,13,13,13,0,16,16,4,4,13,13,13,13,0,16,16,9,4,11,0,0,0,0,16,16,16,2,0,0,0,0,0,0.58149764791013,0.729332094755253,0.408898284422367,0.246013071019921,0.222547602850003,0.156084270079707,0.177419752888453,0.155813136626798,0.102908708870586,0.370626772764121,0.470957946888416,0.203904671091366,0.357538507008226,0.0594514155288517,0.0530474829523742,0.0424878431510586,0.0432871813336726,0.102908708870586,0.370626772764121,0.470957946888416,0.288564010830174,0.457624754965428,0.0594514155288517,0.0530488796793663,0.0424876688073804,0.0432871813336726,0.102908708870586,0.370626772764121,0.470957946888416,0.413623497624009,0.459013815141994,0.238026622419503,0.156084270079707,0.177419752888453,0.155813136626798,0.102908708870586,0.370626772764121,0.470957946888416,0.467325025329829,0.35753851213657,0.222547602850003,0.156084270079707,0.177419752888453,0.155813136626798,0.102908708870586
"78",16,16,16,6,13,13,13,13,0,16,16,16,6,13,13,13,13,0,16,16,16,6,0,0,0,0,0,16,16,16,3,0,0,0,0,0,0.200615222334574,1.14514148951866,0.269344399032576,0.333997971053998,0.235664815095711,0.236007746985607,0.207101455498537,0.149339095709696,0.08656208276011,0.0775810114604276,0.533212752908858,0.343041336297367,0.427799087977283,0.0930774074757818,0.180321008433689,0.0660758558040036,0.0329542197367798,0.08656208276011,0.0775810114604276,0.533212752908858,0.343041336297367,0.427801559247217,0.0930211301645223,0.180321044457882,0.0660758515497697,0.0329544705995528,0.08656208276011,0.0775810114604276,0.533212752908858,0.343041336297367,0.427799127878158,0.235664815095711,0.236007746985607,0.207101455498537,0.149339095709696,0.08656208276011,0.0775810114604276,0.533212752908858,0.343041336297367,0.50420426619529,0.235664815095711,0.236007746985607,0.207101455498537,0.149339095709696,0.08656208276011
"79",16,16,14,9,13,13,13,0,0,16,16,8,13,13,13,13,0,0,16,16,8,5,0,0,0,0,0,16,16,5,5,0,0,0,0,0,0.37740781318893,0.57754110340997,0.705004936138816,0.473024475812181,0.210515932311944,0.133098907901568,0.14674109423623,0.11648844764797,0.0792408504073614,0.438719663656404,0.543583562564177,0.540303414208437,0.366761215968206,0.0776294204239546,0.0555378151434061,0.0515449718739176,0.11648844764797,0.0792408504073614,0.438719663656404,0.543583562564177,0.69278273151862,0.117936682538247,0.0777426168364169,0.0555378151434061,0.0515452201662497,0.11648844764797,0.0792408504073614,0.438719663656404,0.543583562564177,0.69278027264953,0.415528640289776,0.210515932311944,0.133098907901568,0.14674109423623,0.11648844764797,0.0792408504073614,0.438719663656404,0.543583562564177,0.306391671873574,0.415528639599374,0.210515932311944,0.133098907901568,0.14674109423623,0.11648844764797,0.0792408504073614
"80",16,14,11,11,13,13,13,0,0,16,2,8,13,13,13,13,0,0,16,11,12,12,0,0,0,0,0,16,5,6,5,0,0,0,0,0,0.238078276438818,0.300513948373618,0.17560891569076,0.407224972840782,0.116031774001195,0.0767466813868447,0.195962833907094,0.138442883342649,0.117635224091151,0.67026738147637,0.482189168073374,0.172574340772359,0.318455135725154,0.0392570314601235,0.0533830966611855,0.0363141597751514,0.138442883342649,0.117635224091151,0.67026738147637,0.32347401705417,0.297952613254785,0.170030526401653,0.0392533171750064,0.0533830954431636,0.0363138647496172,0.138442883342649,0.117635224091151,0.67026738147637,0.513106854705487,0.412521861612261,0.31980633998757,0.116031774001195,0.0767466813868447,0.195962833907094,0.138442883342649,0.117635224091151,0.67026738147637,0.457736792902953,0.164477924295349,0.286480779264651,0.116031774001195,0.0767466813868447,0.195962833907094,0.138442883342649,0.117635224091151
"81",16,16,8,2,9,13,13,0,13,16,16,7,11,5,13,13,0,13,16,16,5,6,10,0,0,0,0,16,16,5,5,5,0,0,0,0,0.347341949394501,0.611317680285064,0.212671784515598,0.157800288442328,0.16956900336154,0.130680405742327,0.0898905803543081,0.109975424793187,0.0897890240865227,0.308803646293705,0.588631883352622,0.548709538858152,0.333633661896992,0.257215814292114,0.0687596828171437,0.0347528855367698,0.109975424793187,0.04071415878117,0.308803646293705,0.588631883352622,0.43107775215146,0.337720930375583,0.260827795572366,0.0751265677836937,0.0347528855367698,0.109975424793187,0.04071415878117,0.308803646293705,0.588631883352622,0.287675418349321,0.25006547600159,0.253494361761616,0.130680405742327,0.0898905803543081,0.109975424793187,0.0897890240865227,0.308803646293705,0.588631883352622,0.287675418349321,0.209524613207199,0.260827752633835,0.130680405742327,0.0898905803543081,0.109975424793187,0.0897890240865227
"82",16,16,10,13,15,13,13,0,0,16,16,13,4,8,13,13,0,0,16,16,2,6,12,0,0,0,0,16,16,2,3,6,0,0,0,0,0.576475914138052,0.671643407083115,0.279190669233044,0.500571615903324,0.248906899445823,0.154074524338711,0.150795980654205,0.109516404212016,0.0804192447676557,0.823919870187915,0.41931395365975,0.170016157676552,0.11555101176396,0.248622690919821,0.0602794903403739,0.0545268276686225,0.109516404212016,0.0804192447676557,0.823919870187915,0.41931395365975,0.117070423884923,0.365627723076355,0.345684305085225,0.0602794903403739,0.0545268276686225,0.109516404212016,0.0804192447676557,0.823919870187915,0.41931395365975,0.344462922551865,0.386741421325689,0.310933485522786,0.154074524338711,0.150795980654205,0.109516404212016,0.0804192447676557,0.823919870187915,0.41931395365975,0.344462922551865,0.434597383406059,0.349755274103448,0.154074524338711,0.150795980654205,0.109516404212016,0.0804192447676557
"83",16,16,16,2,13,13,13,13,0,16,16,16,13,13,13,13,13,0,16,16,16,12,0,0,0,0,0,16,16,16,5,0,0,0,0,0,0.455913974534111,0.64867188816063,0.301613977139652,0.23313520008288,0.163334062099919,0.075994286802267,0.147264452868589,0.0888583554949273,0.0901768052993294,0.727121484557996,0.393926650639889,0.32975636310601,0.289155247462026,0.0658062010947659,0.0694757493284269,0.0502815164977291,0.0455598335104587,0.0901768052993294,0.727121484557996,0.393926650639889,0.32975636310601,0.0751375096854949,0.0658061355009837,0.0694757493284269,0.050281524225774,0.0455566066875042,0.0901768052993294,0.727121484557996,0.393926650639889,0.32975636310601,0.558745076487883,0.163334062099919,0.075994286802267,0.147264452868589,0.0888583554949273,0.0901768052993294,0.727121484557996,0.393926650639889,0.32975636310601,0.721658022071211,0.163334062099919,0.075994286802267,0.147264452868589,0.0888583554949273,0.0901768052993294
"84",16,16,1,13,13,13,13,13,13,16,16,10,13,13,13,13,13,13,16,16,1,0,0,0,0,0,0,16,16,1,0,0,0,0,0,0,0.795518285874893,0.564020592417876,0.242477087528699,0.252512824682678,0.248327171904558,0.178100639685379,0.113022834868851,0.146133257250647,0.0902626727147038,0.782418213322446,0.307272651796782,0.212831859502839,0.110154728525331,0.120035268809397,0.0636895741362967,0.0479255902358832,0.0503819555257164,0.0361156326710643,0.782418213322446,0.307272651796782,0.404893653990172,0.110154728525331,0.120035268809397,0.0636895750202814,0.0479247065650099,0.0503819245502321,0.0361156326710643,0.782418213322446,0.307272651796782,0.212831892409586,0.252512824682678,0.248327171904558,0.178100639685379,0.113022834868851,0.146133257250647,0.0902626727147038,0.782418213322446,0.307272651796782,0.21283443560924,0.252512824682678,0.248327171904558,0.178100639685379,0.113022834868851,0.146133257250647,0.0902626727147038
"85",16,16,16,16,5,13,13,13,0,16,16,16,16,13,13,13,13,0,16,16,16,16,6,0,0,0,0,16,16,16,16,6,0,0,0,0,0.698573482694372,0.360069713569856,0.223124000284415,0.218521774204295,0.266093610077972,0.158739789064343,0.155499603264185,0.0883748327168137,0.126379869327743,0.331173328859618,0.225170785269472,0.399967683034182,0.325474700082849,0.358609384058924,0.0685480263259042,0.0815269778035972,0.0359333030816936,0.126379869327743,0.331173328859618,0.225170785269472,0.399967683034182,0.325474700082849,0.0994703770672872,0.07952887900537,0.0815260732929146,0.0359335506691355,0.126379869327743,0.331173328859618,0.225170785269472,0.399967683034182,0.325474700082849,0.289444514950635,0.158739789064343,0.155499603264185,0.0883748327168137,0.126379869327743,0.331173328859618,0.225170785269472,0.399967683034182,0.325474700082849,0.289444497420135,0.158739789064343,0.155499603264185,0.0883748327168137,0.126379869327743
"86",16,16,16,9,6,13,13,0,0,16,16,16,13,13,13,13,0,0,16,16,16,5,12,0,0,0,0,16,16,16,5,6,0,0,0,0,0.680680724211292,0.48726123547176,0.401749904956949,0.159577294774705,0.315531730745634,0.190552243698325,0.261672586605012,0.222162239501882,0.117212407413542,0.798846604666456,0.231034806593354,0.285578433518505,0.234137920312377,0.246449417062351,0.0749262953216843,0.109926038423868,0.222162239501882,0.117212407413542,0.798846604666456,0.231034806593354,0.285578433518505,0.114291138130894,0.0864670852355659,0.0749262953216843,0.109926038423868,0.222162239501882,0.117212407413542,0.798846604666456,0.231034806593354,0.285578433518505,0.213096361168391,0.323217089750514,0.190552243698325,0.261672586605012,0.222162239501882,0.117212407413542,0.798846604666456,0.231034806593354,0.285578433518505,0.21309464002091,0.246449417062351,0.190552243698325,0.261672586605012,0.222162239501882,0.117212407413542
"87",16,16,1,11,13,13,13,0,0,16,16,16,13,13,13,13,0,0,16,16,16,11,0,0,0,0,0,16,16,16,1,0,0,0,0,0,0.947630345492329,0.588994304730755,0.243624194760491,0.287509548119911,0.22247840817545,0.199497899070162,0.11239077671091,0.0945062983449717,0.0599091712893773,0.297158102442623,0.23198531692081,0.396387942999818,0.465800283936974,0.111824266782792,0.0942127126627477,0.0564598162011833,0.0945062983449717,0.0599091712893773,0.297158102442623,0.23198531692081,0.289290624384593,0.153931826862284,0.111824266782792,0.0942134658873694,0.0564598162011833,0.0945062983449717,0.0599091712893773,0.297158102442623,0.23198531692081,0.289290624384593,0.465800283936974,0.22247840817545,0.199497899070162,0.11239077671091,0.0945062983449717,0.0599091712893773,0.297158102442623,0.23198531692081,0.289290624384593,0.483288738090081,0.22247840817545,0.199497899070162,0.11239077671091,0.0945062983449717,0.0599091712893773
"88",16,16,16,2,12,13,13,13,0,16,16,16,1,7,13,13,13,0,16,16,16,12,12,0,0,0,0,16,16,16,3,2,0,0,0,0,0.953276409866337,0.567573325943665,0.342055377406245,0.291268636112564,0.255764795085865,0.206658869318822,0.14473510180839,0.146069763700626,0.0948834158792375,0.228187859489861,0.613427709300716,0.285524947941927,0.442512362669768,0.34299026937438,0.0529745113445176,0.0460671948855073,0.0630055078843462,0.0948834158792375,0.228187859489861,0.613427709300716,0.285524947941927,0.378210388805159,0.432745735762861,0.052952313955218,0.0460665902340746,0.0630055078843462,0.0948834158792375,0.228187859489861,0.613427709300716,0.285524947941927,0.260432715362183,0.342983183097154,0.206658869318822,0.14473510180839,0.146069763700626,0.0948834158792375,0.228187859489861,0.613427709300716,0.285524947941927,0.28518838236272,0.386409594961097,0.206658869318822,0.14473510180839,0.146069763700626,0.0948834158792375
"89",16,16,16,6,5,13,13,13,0,16,16,16,12,13,13,13,13,0,16,16,16,9,10,0,0,0,0,16,16,16,6,5,0,0,0,0,0.583371898793964,0.371521247131794,0.362796405917674,0.303308013419785,0.19843103643823,0.15514352554318,0.216977310952033,0.0993667530737203,0.122490298938606,1.05871909190404,0.272406957171695,0.413366311586881,0.373034812114508,0.450869701584416,0.043901134384982,0.0449628186679849,0.0499311995360772,0.122490298938606,1.05871909190404,0.272406957171695,0.413366311586881,0.518438287090611,0.0589313389010739,0.0439011379244618,0.0449628186679849,0.0499359085104524,0.122490298938606,1.05871909190404,0.272406957171695,0.413366311586881,0.371428197382744,0.237989509487296,0.15514352554318,0.216977310952033,0.0993667530737203,0.122490298938606,1.05871909190404,0.272406957171695,0.413366311586881,0.373035227895791,0.451342045528372,0.15514352554318,0.216977310952033,0.0993667530737203,0.122490298938606
"90",16,16,6,3,13,13,0,13,0,16,16,2,4,13,13,0,13,0,16,16,5,6,11,0,0,0,0,16,16,2,6,5,0,0,0,0,0.444995335266452,0.630480888877804,0.230943415197893,0.403692618543101,0.218939591480007,0.166321402364748,0.180782742837578,0.116809917355378,0.156296846626767,0.411358935926044,0.463902003933923,0.358027264873936,0.270383276266662,0.0679584985353513,0.0655450876300506,0.180782742837578,0.0571761002338606,0.156296846626767,0.411358935926044,0.463902003933923,0.339176924778316,0.350437265229569,0.0679584985353513,0.0635754289757441,0.180782742837578,0.0571761002338606,0.156296846626767,0.411358935926044,0.463902003933923,1.11982872791559,0.293305216545711,0.318607873850723,0.166321402364748,0.180782742837578,0.116809917355378,0.156296846626767,0.411358935926044,0.463902003933923,0.339176660187111,0.293305213861538,0.282216597502224,0.166321402364748,0.180782742837578,0.116809917355378,0.156296846626767
"91",16,16,10,16,13,13,13,0,0,16,16,2,16,10,13,13,0,0,16,16,6,16,10,0,0,0,0,16,16,1,16,0,0,0,0,0,0.46907713699397,0.357252543075213,0.324557271924869,0.301639242399796,0.174837827334033,0.230088921856139,0.174649369566044,0.0893933564733441,0.0587861401361127,0.263012911962482,0.447823549967906,0.308504708727569,0.409334884101849,0.120301643187655,0.0954689575167995,0.0711755058084629,0.0893933564733441,0.0587861401361127,0.263012911962482,0.447823549967906,0.349307897857183,0.409334884101849,0.238632114403797,0.0954689616603341,0.0711755058084629,0.0893933564733441,0.0587861401361127,0.263012911962482,0.447823549967906,0.399934295243464,0.409334884101849,0.242139713135042,0.230088921856139,0.174649369566044,0.0893933564733441,0.0587861401361127,0.263012911962482,0.447823549967906,0.576291189141116,0.409334884101849,0.174837827334033,0.230088921856139,0.174649369566044,0.0893933564733441,0.0587861401361127
"92",16,16,16,13,13,13,13,13,0,16,16,16,1,13,13,13,13,0,16,16,16,10,0,0,0,0,0,16,16,16,3,0,0,0,0,0,0.080655681505971,0.248801583366021,0.109643463965303,0.283782854889452,0.179155998185235,0.388309295204306,0.22888400577821,0.197815501184737,0.0838424060800961,0.117202021396002,0.326554004495532,0.135828295455429,0.12836045057148,0.0569006823275171,0.145558459020345,0.0868680100997615,0.069019739188713,0.0838424060800961,0.117202021396002,0.326554004495532,0.135828295455429,0.461339958878622,0.0569006823275171,0.145558459020345,0.0868676048142474,0.069019739188713,0.0838424060800961,0.117202021396002,0.326554004495532,0.135828295455429,0.222419814323263,0.179155998185235,0.388309295204306,0.22888400577821,0.197815501184737,0.0838424060800961,0.117202021396002,0.326554004495532,0.135828295455429,0.359865041603219,0.179155998185235,0.388309295204306,0.22888400577821,0.197815501184737,0.0838424060800961
"93",16,16,16,4,12,13,13,13,13,16,16,16,3,13,13,13,13,13,16,16,16,7,10,0,0,0,0,16,16,16,1,0,0,0,0,0,1.43049791940479,0.519892331955712,0.223201821429792,0.250737272028869,0.201848261587372,0.183003147666551,0.185378164360143,0.125876327309476,0.149222822605386,1.33722600986336,0.491502788915325,0.29748011970929,0.299751408999839,0.229927123596634,0.0533300238456162,0.0707182251204383,0.0609330447703496,0.0617240382050611,1.33722600986336,0.491502788915325,0.29748011970929,0.400020577190227,0.0508131145947257,0.0671645264116237,0.070718219124443,0.0609330435021811,0.0617240382050611,1.33722600986336,0.491502788915325,0.29748011970929,0.328218782220088,0.182957403953555,0.183003147666551,0.185378164360143,0.125876327309476,0.149222822605386,1.33722600986336,0.491502788915325,0.29748011970929,0.261188675973647,0.201848261587372,0.183003147666551,0.185378164360143,0.125876327309476,0.149222822605386
"94",16,16,16,10,13,13,13,0,13,16,16,16,10,13,13,13,0,13,16,16,16,10,0,0,0,0,0,16,16,16,0,0,0,0,0,0,0.349979131849399,0.494690952167089,0.291266033642023,0.47713106028456,0.227450130334267,0.259195286324333,0.162809856214795,0.157661051626992,0.0771738510686802,0.614812366196854,0.269057311847465,0.267427627853292,0.374843355732263,0.144762726766393,0.101205788535104,0.0325709028833659,0.157661051626992,0.0480811544217241,0.614812366196854,0.269057311847465,0.267427627853292,0.374842674717282,0.144762726766393,0.101205788535104,0.0325708592449162,0.157661051626992,0.0480810545924533,0.614812366196854,0.269057311847465,0.267427627853292,0.37483461055553,0.227450130334267,0.259195286324333,0.162809856214795,0.157661051626992,0.0771738510686802,0.614812366196854,0.269057311847465,0.267427627853292,0.47713106028456,0.227450130334267,0.259195286324333,0.162809856214795,0.157661051626992,0.0771738510686802
"95",16,16,1,13,13,13,13,13,0,16,16,5,10,13,13,13,13,0,16,16,5,10,0,0,0,0,0,16,16,3,0,0,0,0,0,0,0.319181998372406,0.294712564098383,0.250884623542277,0.211954615406819,0.28944204429752,0.103723169596963,0.120981549050728,0.190600701073779,0.114771845534209,0.291552202138556,0.30128062232301,0.374074975655758,0.0511367869232601,0.15185833747554,0.0704497871904252,0.0406102220468881,0.0601659172038824,0.114771845534209,0.291552202138556,0.30128062232301,0.256692050618395,0.188174299798506,0.15185833747554,0.0704511860512119,0.0406069490011386,0.0601675067716893,0.114771845534209,0.291552202138556,0.30128062232301,0.257569415945981,0.188174299798506,0.28944204429752,0.103723169596963,0.120981549050728,0.190600701073779,0.114771845534209,0.291552202138556,0.30128062232301,0.476853571354163,0.211954615406819,0.28944204429752,0.103723169596963,0.120981549050728,0.190600701073779,0.114771845534209
"96",16,16,15,10,10,13,13,0,0,16,16,9,13,13,13,13,0,0,16,16,3,2,2,0,0,0,0,16,16,1,6,6,0,0,0,0,0.247487311408373,0.201665326061726,0.192295436087916,0.333195631544222,0.314120337545357,0.267551954153002,0.184788974781242,0.0888259134881575,0.11834904556498,0.323346738961646,0.181381269533344,0.272555788241847,0.266372565498143,0.270804339158098,0.0541424191688287,0.0722326590423803,0.0888259134881575,0.11834904556498,0.323346738961646,0.181381269533344,0.245959381383694,0.10339361040261,0.0386133841758278,0.0541421562101096,0.0722339730807438,0.0888259134881575,0.11834904556498,0.323346738961646,0.181381269533344,0.448459651089142,0.279534216400914,0.392286511432765,0.267551954153002,0.184788974781242,0.0888259134881575,0.11834904556498,0.323346738961646,0.181381269533344,0.450528571611395,0.263496599953977,0.324330079348777,0.267551954153002,0.184788974781242,0.0888259134881575,0.11834904556498
"97",16,16,16,14,10,13,13,13,13,16,16,16,13,3,13,13,13,13,16,16,16,0,10,0,0,0,0,16,16,16,0,3,0,0,0,0,0.527543027527109,0.377493729325435,0.431601654369916,0.208037754805694,0.146149519638083,0.191764234487003,0.192593935740959,0.110940569067266,0.113352546524498,0.537945316801658,0.34386066781246,0.303686567791573,0.465272509924977,0.200786186644255,0.0825448601366833,0.143243945529965,0.0786490082172969,0.038837712926375,0.537945316801658,0.34386066781246,0.303686567791573,0.054770810474141,0.257219712131432,0.0825448601366833,0.143245777686111,0.0786490082172969,0.0561437636498381,0.537945316801658,0.34386066781246,0.303686567791573,0.208037754805694,0.20078617514742,0.191764234487003,0.192593935740959,0.110940569067266,0.113352546524498,0.537945316801658,0.34386066781246,0.303686567791573,0.208037754805694,0.257219712131432,0.191764234487003,0.192593935740959,0.110940569067266,0.113352546524498
"98",16,16,16,10,13,13,13,13,0,16,16,16,13,13,13,13,13,0,16,16,16,10,0,0,0,0,0,16,16,16,5,0,0,0,0,0,0.385696203285563,0.425267100206121,0.312021549469722,0.229369627029717,0.176378494063771,0.219077399656644,0.206510602795495,0.0957477989023965,0.0823146216203693,0.523281849388198,0.206651848012785,0.350477784537765,0.288501618976078,0.0264568986387435,0.0898536112017994,0.0876287848542542,0.042622136012337,0.0823146216203693,0.523281849388198,0.206651848012785,0.350477784537765,0.0756846053874762,0.0265285900742068,0.0898536112017994,0.0876287890990785,0.0426220258621459,0.0823146216203693,0.523281849388198,0.206651848012785,0.350477784537765,0.28850161389458,0.176378494063771,0.219077399656644,0.206510602795495,0.0957477989023965,0.0823146216203693,0.523281849388198,0.206651848012785,0.350477784537765,0.269705677507397,0.176378494063771,0.219077399656644,0.206510602795495,0.0957477989023965,0.0823146216203693
"99",16,16,11,16,13,13,13,13,0,16,16,5,16,13,13,13,13,0,16,16,5,16,0,0,0,0,0,16,16,4,16,0,0,0,0,0,0.289397538346658,0.344606403927428,0.411637458278701,0.208958808832506,0.211139836563523,0.114359080938665,0.143992812487363,0.113777761125878,0.104394537081906,0.361119778518196,0.362699007776128,0.538409928195259,0.294066081358398,0.048960120602312,0.0398383948464996,0.0785747849745116,0.0351758013332195,0.104394537081906,0.361119778518196,0.362699007776128,0.348873106796543,0.294066081358398,0.0509121516348928,0.0398383948464996,0.0785755154375355,0.0351732192395766,0.104394537081906,0.361119778518196,0.362699007776128,0.348873106796543,0.294066081358398,0.211139836563523,0.114359080938665,0.143992812487363,0.113777761125878,0.104394537081906,0.361119778518196,0.362699007776128,0.526923452314416,0.294066081358398,0.211139836563523,0.114359080938665,0.143992812487363,0.113777761125878,0.104394537081906
"100",16,16,16,11,9,13,13,0,0,16,16,16,4,10,13,13,0,0,16,16,16,6,9,0,0,0,0,16,16,16,2,0,0,0,0,0,0.752861870584033,0.569040636450537,0.247204263999173,0.18541599380811,0.202849425375714,0.18377533903667,0.211867950812392,0.171110311187505,0.115662820841674,0.502590672552812,0.359870921364704,0.342105781302241,0.32560201352583,0.319026564685682,0.0342538947619611,0.0567696922133096,0.171110311187505,0.115662820841674,0.502590672552812,0.359870921364704,0.342105781302241,0.37512053381626,0.242255993947344,0.0342540224510942,0.0567696922133096,0.171110311187505,0.115662820841674,0.502590672552812,0.359870921364704,0.342105781302241,0.241945479249807,0.319026564685682,0.18377533903667,0.211867950812392,0.171110311187505,0.115662820841674,0.502590672552812,0.359870921364704,0.342105781302241,0.251099320173096,0.202849425375714,0.18377533903667,0.211867950812392,0.171110311187505,0.115662820841674
