"","V1","V2","V3","V4","V5","V6","V7","V8","V9","V10","V11","V12","V13","V14","V15","V16","V17","V18","V19","V20","V21","V22","V23","V24","V25","V26","V27","V28","V29","V30","V31","V32","V33","V34","V35","V36","V37","V38","V39","V40","V41","V42","V43","V44","V45","V46","V47","V48","V49","V50","V51","V52","V53","V54","V55","V56","V57","V58","V59","V60"
"1",1,1,1,1,1,1,1,1,1,1,1,1,1,1,1,12,1,1,1,1,1,1,1,1,1.18950752583222,0.210769517727484,0.235335740047692,0.250633622319434,0.278108554992338,0.199054647097927,0.170894727754813,0.184543914865692,0.15992554672555,0.148836538341747,0.193502333132802,0.164030814101025,1.18950752583222,0.210769517727484,0.235335740047692,0.250633622319434,0.278108554992338,0.199054647097927,0.170894727754813,0.184543914865692,0.15992554672555,0.148836538341747,0.193502333132802,0.164030814101025,0.374026549267658,0.299584235939812,0.281580127654756,0.712404745038713,0.28245962408482,0.177249036145106,0.217813311078439,0.169915593901507,0.239603502121066,0.170727484460747,0.220798435041246,0.200085773298382
"2",1,1,12,1,1,1,1,1,1,1,1,1,1,1,12,12,1,1,1,1,1,1,1,1,0.611048499672953,0.488315807424057,0.236255193202503,0.203505717766497,0.284383609629255,0.218218764201609,0.200455814733637,0.161881024902663,0.152137325887858,0.14122217752886,0.142545004106483,0.140227720907584,0.611048499672953,0.488315807424057,0.605017614605584,0.203505717766497,0.284383609629255,0.218218764201609,0.200455814733637,0.161881024902663,0.152137325887858,0.14122217752886,0.142545004106483,0.140227720907584,0.523546277031406,0.376542631138262,0.669017013040788,0.613013500517471,0.391968558705796,0.22161632252487,0.218435732432846,0.179325258254214,0.165269085054028,0.147943463548048,0.175013584000558,0.209626695522469
"3",3,1,12,1,1,1,1,1,1,1,1,1,3,1,1,12,1,1,12,1,1,1,1,1,0.490611704187576,0.383546280722481,0.202760873447305,0.223565988579466,0.213437272155067,0.172978226836213,0.152927989964626,0.288126963868581,0.12923305563052,0.143872084692566,0.159344729048008,0.140596856028294,1.20771263537122,0.383546280722481,0.59741241474964,0.223565988579466,0.213437272155067,0.172978226836213,0.152927989964626,0.288126963868581,0.12923305563052,0.143872084692566,0.159344729048008,0.140596856028294,1.34559557405614,0.392406490120298,0.284558146772865,0.606640002068542,0.224116514636203,0.194998470481362,0.636543682755797,0.335988629848265,0.151092599692477,0.197532918298688,0.186775057300185,0.246345681106567
"4",3,1,1,1,1,1,1,1,1,1,1,1,3,1,1,12,1,1,1,1,1,1,1,1,0.430956007656083,0.334580491575568,0.172522651841645,0.2225678018297,0.14194833853996,0.205594033760847,0.205701421189213,0.154447042015245,0.235049392419668,0.168675922603946,0.22892046956274,0.158083325618535,0.876173662611619,0.334580491575568,0.172522651841645,0.2225678018297,0.14194833853996,0.205594033760847,0.205701421189213,0.154447042015245,0.235049392419668,0.168675922603946,0.22892046956274,0.158083325618535,0.849482525270531,0.470498991787202,0.408906458544503,0.691319156999204,0.234110605790826,0.281242142342228,0.233726664012231,0.263730186102508,0.163258184350568,0.204176144587347,0.326275381034046,0.173426814938608
"5",3,1,1,1,1,1,1,1,1,1,1,1,3,1,12,12,1,1,1,1,1,1,1,1,0.797190595934699,0.678424845485002,0.235876161712328,0.20842592609688,0.287105785249699,0.147011812792773,0.195172962357017,0.187655869318054,0.162935398815347,0.15241287572229,0.142196888049022,0.141150703761887,0.555481982252868,0.678424845485002,0.235876161712328,0.20842592609688,0.287105785249699,0.147011812792773,0.195172962357017,0.187655869318054,0.162935398815347,0.15241287572229,0.142196888049022,0.141150703761887,0.573580759007975,0.657759627454232,0.615506650606495,0.675868728205654,0.225716387879036,0.198764666757623,0.237626451572044,0.176621009751476,0.198991573655886,0.182126668714409,0.181041632103756,0.165452503498047
"6",3,1,14,1,1,1,1,1,1,1,1,1,3,1,1,1,1,1,1,1,1,1,1,1,1.09027254818728,0.32617493634618,0.248755042303083,0.251506576015599,0.202748565541978,0.259299873404188,0.171174847881562,0.182883836093203,0.166218851882291,0.157932226036347,0.140438854453823,0.190262437876156,0.720071940551335,0.32617493634618,0.34680140837351,0.251506576015599,0.202748565541978,0.259299873404188,0.171174847881562,0.182883836093203,0.166218851882291,0.157932226036347,0.140438854453823,0.190262437876156,0.693190324987311,0.573158543845346,0.317566820088299,0.298338231217923,0.242138090706181,0.227780312214884,0.213420178602826,0.196732114395712,0.201920508266409,0.247684013297784,0.243531274459882,0.194219149547752
"7",3,1,1,1,1,1,1,1,1,1,1,1,3,1,12,1,1,1,1,1,1,1,1,1,0.70790175507221,0.349372794718472,0.256588147826481,0.272505598278632,0.173102136583226,0.200438696598752,0.228245836670784,0.157043525148481,0.141226809508337,0.174720366154714,0.180730290752205,0.147669383253334,0.529360777956573,0.349372794718472,0.256588147826481,0.272505598278632,0.173102136583226,0.200438696598752,0.228245836670784,0.157043525148481,0.141226809508337,0.174720366154714,0.180730290752205,0.147669383253334,0.505864665520626,0.864640067142721,0.6125824346914,0.45916009299338,0.218127976476052,0.206162248425979,0.272739201737357,0.193727775340191,0.178607424075175,0.205670949824471,0.197147435766975,0.18137758366375
"8",3,1,1,1,1,1,1,1,1,1,1,1,3,1,1,1,1,12,1,1,1,1,1,1,0.81287311973413,0.344023238578974,0.196315710967308,0.23243738046173,0.228374506650402,0.148782948904896,0.184479027464579,0.206110527192805,0.200652479309902,0.188181754226936,0.153227992228077,0.193958603084377,1.4193102534517,0.344023238578974,0.196315710967308,0.23243738046173,0.228374506650402,0.148782948904896,0.184479027464579,0.206110527192805,0.200652479309902,0.188181754226936,0.153227992228077,0.193958603084377,1.16844135195146,0.335750670904235,0.355138579555477,0.261501149381817,0.228460950531832,0.524095603847482,0.217839055503811,0.263669637487624,0.232996758873641,0.206933840162753,0.18120673477185,0.222959807122577
"9",1,12,12,1,1,1,1,1,1,1,1,1,3,1,1,12,1,1,1,1,1,1,1,1,0.322650037749078,0.539409664264598,0.204556221870569,0.183730518529152,0.165898477261602,0.169106539944675,0.177604478918635,0.147687892172895,0.172988454692268,0.148782724305596,0.200462196919204,0.200429361454526,0.322650037749078,0.869693369922345,0.650177038695772,0.183730518529152,0.165898477261602,0.169106539944675,0.177604478918635,0.147687892172895,0.172988454692268,0.148782724305596,0.200462196919204,0.200429361454526,0.732932847715061,0.414225729359702,0.208489944853969,0.544067116407591,0.204014677801658,0.177767596777193,0.2239238518692,0.220273498998685,0.200022576107022,0.208492302098046,0.212428600672923,0.248757968040021
"10",3,12,1,1,1,1,1,1,1,1,1,1,3,1,1,1,1,1,1,1,1,1,1,1,0.172566271404619,0.262163329346513,0.308608417694566,0.269101890248631,0.236852505654491,0.224188531549545,0.204043881067626,0.144751416565463,0.168019852046244,0.140627254300218,0.141616230282815,0.155843931869871,0.62752819906686,1.29367924302298,0.308608417694566,0.269101890248631,0.236852505654491,0.224188531549545,0.204043881067626,0.144751416565463,0.168019852046244,0.140627254300218,0.141616230282815,0.155843931869871,0.770461334914978,0.50891802934546,0.325591539300691,0.254826058412189,0.224585227537985,0.191935693837609,0.236499625650942,0.165113484639751,0.191742542333123,0.186991944935717,0.176921431527476,0.170723648636695
"11",1,12,1,12,1,1,1,1,1,1,1,1,3,1,1,12,1,12,1,1,1,1,1,1,0.551162323813353,0.396909637398964,0.254329637121916,0.264616165302443,0.15932830833875,0.245867589500379,0.217712024246118,0.183654134206169,0.211410114504705,0.195752682569398,0.136695423298368,0.155452463267119,0.551162323813353,0.534979403010192,0.254329637121916,0.634939026784979,0.15932830833875,0.245867589500379,0.217712024246118,0.183654134206169,0.211410114504705,0.195752682569398,0.136695423298368,0.155452463267119,0.398755898682901,0.518174509025548,0.269508139326411,0.774182372461919,0.220262664990942,0.640032200523508,0.258760485635444,0.19319629673187,0.211294319340878,0.24790884369594,0.183651134394919,0.160429010714165
"12",3,1,1,1,1,1,1,1,1,1,1,1,3,3,1,12,1,1,1,1,1,1,1,1,0.481758026501305,0.215694062924795,0.179955971222224,0.152668617461248,0.175885207157779,0.27833476464083,0.163759647039753,0.192280289146384,0.126223268398983,0.143322604698936,0.160897601752506,0.225392678133351,1.31956107766111,0.215694062924795,0.179955971222224,0.152668617461248,0.175885207157779,0.27833476464083,0.163759647039753,0.192280289146384,0.126223268398983,0.143322604698936,0.160897601752506,0.225392678133351,1.06673809185279,0.528683452542822,0.217329545297805,0.710586779915177,0.207081618054177,0.340028686085262,0.199023197129307,0.177948200170116,0.177660945407646,0.200819487558956,0.179876207324568,0.230979861331683
"13",3,1,12,1,1,1,1,1,1,1,1,1,3,1,1,1,1,1,1,1,1,1,1,1,0.613666403787897,0.311708846968947,0.309664414615557,0.20033422237995,0.233321427718524,0.1609133987705,0.286888821431256,0.190593129316818,0.21623372349672,0.171742868352444,0.156262972298962,0.136217734121576,0.759718420901739,0.311708846968947,0.629320200619371,0.20033422237995,0.233321427718524,0.1609133987705,0.286888821431256,0.190593129316818,0.21623372349672,0.171742868352444,0.156262972298962,0.136217734121576,0.984688896125298,0.299694500982989,0.33528555887392,0.245557706566097,0.232910356980949,0.208738061169957,0.266861963834612,0.176631903823644,0.230923750220475,0.202114001508196,0.23422892937552,0.18974153152014
"14",3,1,12,1,1,1,1,1,1,1,1,1,3,3,1,12,1,1,1,1,1,1,1,1,0.235312053186828,0.502706836068832,0.291949598243063,0.157360710041493,0.157312718290511,0.292062161291652,0.184460749142176,0.144652799650764,0.152264798160371,0.161971448075198,0.132522428396759,0.194056932283391,0.506340611742221,0.502706836068832,0.952337321402693,0.157360710041493,0.157312718290511,0.292062161291652,0.184460749142176,0.144652799650764,0.152264798160371,0.161971448075198,0.132522428396759,0.194056932283391,0.563949121869543,1.07511214227866,0.324996857950034,0.639244846803774,0.168740319224872,0.304666238320676,0.223965012808594,0.199012739007119,0.180031769184168,0.216233211654724,0.15069397220353,0.19610481278493
"15",3,1,12,1,1,1,1,1,1,1,1,1,1,3,1,1,1,1,1,1,1,1,1,1,0.505230320021243,0.177661812718294,0.246469582193868,0.330820752137492,0.207710804403817,0.300845410739347,0.176424816905243,0.186836032259417,0.174978652287069,0.141321314720452,0.163379231974025,0.163484479224026,0.874165084812143,0.177661812718294,0.728532868937339,0.330820752137492,0.207710804403817,0.300845410739347,0.176424816905243,0.186836032259417,0.174978652287069,0.141321314720452,0.163379231974025,0.163484479224026,0.901673128802139,0.625140292305178,0.254749713964781,0.302502975792625,0.234890514656421,0.228355092801237,0.181302707368776,0.178747610572269,0.186582722047286,0.179553131153767,0.196852793289838,0.178192055143006
"16",3,1,12,1,1,1,1,1,1,1,1,1,3,1,1,1,1,1,1,1,1,1,1,1,0.436738709372108,0.176646254105335,0.249914809307698,0.251657934254645,0.18032094296816,0.236724787235954,0.182594902431054,0.183717750827783,0.289129362512514,0.147250867794928,0.156895388623018,0.197782223515387,0.978347797665369,0.176646254105335,0.588399955534107,0.251657934254645,0.18032094296816,0.236724787235954,0.182594902431054,0.183717750827783,0.289129362512514,0.147250867794928,0.156895388623018,0.197782223515387,1.02040498812983,0.230146883645576,0.335052827071559,0.245492903095724,0.197653341230138,0.22127703011862,0.200710853291015,0.227188665852448,0.221878249356504,0.208106088968262,0.234435543784314,0.181112658566536
"17",3,1,12,1,1,1,1,1,1,1,1,1,3,1,1,12,12,1,1,1,1,1,1,1,0.298134061658746,0.269633001779175,0.178047036746545,0.23504946536322,0.213616537570916,0.277363218661349,0.184972306579583,0.181536619585256,0.130975729585962,0.122239065082719,0.201846364274435,0.148039178600866,0.494244331909848,0.269633001779175,0.45545062043286,0.23504946536322,0.213616537570916,0.277363218661349,0.184972306579583,0.181536619585256,0.130975729585962,0.122239065082719,0.201846364274435,0.148039178600866,0.883682060323098,0.372895005310284,0.18288286480975,0.567920584086626,0.488727661286154,0.265952715869689,0.204759784242321,0.233525443859876,0.169772802726895,0.162415957082538,0.233410128697667,0.15141669593269
"18",3,1,1,1,1,1,1,1,1,1,1,1,3,1,1,12,1,1,1,1,1,1,1,1,0.803812645330219,0.314828972682546,0.208226661019617,0.187880802312544,0.207834721057808,0.219069454045839,0.145740722227101,0.177721139750872,0.191986106955632,0.230699719525372,0.157011285221022,0.16821191946294,0.847669409825288,0.314828972682546,0.208226661019617,0.187880802312544,0.207834721057808,0.219069454045839,0.145740722227101,0.177721139750872,0.191986106955632,0.230699719525372,0.157011285221022,0.16821191946294,1.67542676674278,0.317517720538557,0.229014373271772,0.689702797329723,0.203146118973769,0.276980264291192,0.181998185978086,0.186510986484294,0.171522630396088,0.241737524744552,0.166589493572617,0.258922779342296
"19",3,1,12,1,1,1,1,1,1,1,1,1,3,3,1,1,1,12,1,1,1,1,1,1,1.59349829277117,0.264941555030588,0.263612531315977,0.141826648348957,0.205181770859787,0.223766514019042,0.258996786740558,0.204730788442727,0.277445184580428,0.170951383602384,0.153646389832622,0.131068331080825,1.01338554191264,0.264941555030588,0.8303639834064,0.141826648348957,0.205181770859787,0.223766514019042,0.258996786740558,0.204730788442727,0.277445184580428,0.170951383602384,0.153646389832622,0.131068331080825,2.14064243519262,0.837096891827094,0.266672829957897,0.170731343276102,0.26049354431922,0.666077380902323,0.228065303979349,0.226577641409541,0.278276756126613,0.198114274663369,0.202446785226258,0.197883626727458
"20",3,1,12,1,1,1,1,1,1,1,1,1,3,1,1,12,12,1,1,1,1,1,1,1,0.66023446481022,0.272155853525268,0.313873252895553,0.218277275384162,0.186871276550395,0.213552518788659,0.169251701670712,0.1682918154133,0.144429637949782,0.168121067258684,0.135980392211691,0.161446457602688,0.739203085534482,0.272155853525268,0.610726566845683,0.218277275384162,0.186871276550395,0.213552518788659,0.169251701670712,0.1682918154133,0.144429637949782,0.168121067258684,0.135980392211691,0.161446457602688,0.766025316699712,0.322551175369643,0.297259820639385,0.543551161674053,0.806264364375376,0.272844554445974,0.212538014789983,0.204725626546128,0.161762764045,0.224442281519288,0.208607380014166,0.203415088211299
"21",1,1,1,1,1,1,1,1,1,1,1,1,3,1,1,1,1,1,1,1,1,1,1,1,0.945898299661309,0.182941394110046,0.265225785892524,0.237067693853083,0.201867687145896,0.134723505969461,0.208225350638655,0.232804362902784,0.162531634906022,0.174524001976295,0.294098172075635,0.157270163838959,0.945898299661309,0.182941394110046,0.265225785892524,0.237067693853083,0.201867687145896,0.134723505969461,0.208225350638655,0.232804362902784,0.162531634906022,0.174524001976295,0.294098172075635,0.157270163838959,1.54699701779041,0.332124529308206,0.358911998134328,0.25303921624912,0.213325893464466,0.153916796168336,0.190238637835977,0.234169926163344,0.195700356759839,0.191050830268852,0.305502573168432,0.176259374959395
"22",3,1,12,1,1,1,1,1,1,1,1,1,3,1,1,1,1,1,1,1,1,1,1,1,0.793110131050919,0.284891639813719,0.282861686528703,0.232756012032593,0.191240189462578,0.167117637988436,0.247884704622659,0.223416369409947,0.180798801090212,0.181726015932278,0.13423113207937,0.152691980037462,0.633832708663646,0.284891639813719,0.742516892284616,0.232756012032593,0.191240189462578,0.167117637988436,0.247884704622659,0.223416369409947,0.180798801090212,0.181726015932278,0.13423113207937,0.152691980037462,0.637200223454369,0.259742469519709,0.220276138810195,0.279552208833189,0.212027414483295,0.225571192029466,0.277243119069999,0.20143938834287,0.196376982131435,0.237910387400764,0.170852587752568,0.208363754353579
"23",3,1,1,1,1,1,1,1,1,1,1,1,3,1,1,12,12,1,1,1,1,1,1,1,0.72282257918923,0.312949896858942,0.253046400810599,0.17938469348496,0.14133677015537,0.14583643868148,0.190802712515253,0.165396866468082,0.153812913095964,0.190842185512304,0.158719895151468,0.179367454696529,1.23460041671497,0.312949896858942,0.253046400810599,0.17938469348496,0.14133677015537,0.14583643868148,0.190802712515253,0.165396866468082,0.153812913095964,0.190842185512304,0.158719895151468,0.179367454696529,1.40714196813846,0.439855986210821,0.333002994816868,0.745656367775066,0.725999407186939,0.286368410596846,0.200853549116055,0.195526587445309,0.182200359107932,0.213978112605871,0.192072631793784,0.162112994533652
"24",3,1,1,1,1,1,1,1,1,1,1,1,3,1,14,12,1,1,1,1,1,1,1,1,0.681736728703653,0.430585019242568,0.33591029035662,0.232740112921611,0.16685882515694,0.234588767609156,0.239953012593598,0.182854023698663,0.158757819612223,0.178724120297095,0.163134701528741,0.148295674169296,1.01539965417643,0.430585019242568,0.33591029035662,0.232740112921611,0.16685882515694,0.234588767609156,0.239953012593598,0.182854023698663,0.158757819612223,0.178724120297095,0.163134701528741,0.148295674169296,0.996441388976094,0.527248738272729,0.321110351000888,0.752671053095621,0.229191499435122,0.260634181452253,0.220117327898259,0.248413855015223,0.209620128327308,0.207492342263935,0.188427237061363,0.204663041837777
"25",3,1,1,1,1,1,1,1,1,1,1,1,3,1,3,12,1,1,1,1,1,1,1,1,0.229708333313753,0.162167811593234,0.194609437442137,0.207874201652014,0.210365605005889,0.225286899283799,0.24439093455733,0.19878543705416,0.186756873834917,0.151174609201406,0.160318032873956,0.155243499740141,0.711188752524201,0.162167811593234,0.194609437442137,0.207874201652014,0.210365605005889,0.225286899283799,0.24439093455733,0.19878543705416,0.186756873834917,0.151174609201406,0.160318032873956,0.155243499740141,0.758459719894966,0.183113418917699,0.69816790675978,0.63647578418501,0.29374824136965,0.250944393034296,0.188303221932243,0.271280803923901,0.213736532861538,0.212532404017698,0.206517006529858,0.193559329692822
"26",3,1,12,1,1,1,1,1,1,1,1,1,1,1,12,12,1,1,1,1,1,1,1,1,0.227389740757113,0.269748594260989,0.305325795805496,0.212416496131245,0.218404677959805,0.200290741834238,0.26309176256058,0.17630368664929,0.171937079185131,0.190037756753993,0.143594773631679,0.163844592617134,0.32382324125941,0.269748594260989,0.96632074801038,0.212416496131245,0.218404677959805,0.200290741834238,0.26309176256058,0.17630368664929,0.171937079185131,0.190037756753993,0.143594773631679,0.163844592617134,0.118080604222161,0.346619555097265,1.0398493631215,0.700399608286002,0.25805579231189,0.19935057453692,0.228892268043411,0.213568447888362,0.26731729881985,0.192412098542105,0.184285854982642,0.165717933329627
"27",3,1,12,12,1,1,1,1,1,1,1,1,3,3,12,12,1,1,1,1,1,1,1,1,0.490196661065988,0.285218415308625,0.206271071882242,0.251750690151839,0.201782801162783,0.222479984910223,0.149855339254528,0.198415033004752,0.166648225861407,0.152111941127278,0.1489411582031,0.154027093586486,1.01418892332006,0.285218415308625,0.558796868818684,0.565443257137399,0.201782801162783,0.222479984910223,0.149855339254528,0.198415033004752,0.166648225861407,0.152111941127278,0.1489411582031,0.154027093586486,1.09925918381689,0.514042301438736,0.691543352277943,0.584689709712353,0.2113652301682,0.255755165486558,0.196868860477416,0.210908699955671,0.195735116358068,0.173196318203145,0.172624427410133,0.182143916101061
"28",1,1,12,1,1,1,1,1,1,1,1,1,1,1,1,12,1,1,1,1,1,1,1,1,0.536251831499341,0.396306935850597,0.300106756138213,0.182066761878602,0.304181244386792,0.23671667154976,0.228971747334935,0.184650039871083,0.190353728081312,0.159111825424111,0.202308125481074,0.172288736877182,0.536251831499341,0.396306935850597,0.754275028735872,0.182066761878602,0.304181244386792,0.23671667154976,0.228971747334935,0.184650039871083,0.190353728081312,0.159111825424111,0.202308125481074,0.172288736877182,1.58518693159813,0.400107070760274,0.336370783786109,0.638535980093825,0.220385642651189,0.222268041084619,0.273358073623561,0.207792688520952,0.270198622512638,0.204948989464216,0.255410699322203,0.190196235384287
"29",3,1,1,1,1,1,1,1,1,1,1,1,1,1,1,1,12,1,1,1,1,1,1,1,2.34087787655839,0.170130451887651,0.422694969122201,0.303199137779544,0.306560816801526,0.239420680532686,0.198483064996963,0.211103034611148,0.170448257383238,0.201237547536415,0.151059185244809,0.140721194192056,0.775792278398496,0.170130451887651,0.422694969122201,0.303199137779544,0.306560816801526,0.239420680532686,0.198483064996963,0.211103034611148,0.170448257383238,0.201237547536415,0.151059185244809,0.140721194192056,1.30657296830145,0.219657244284442,0.271459427514253,0.309376598390589,0.609026247112505,0.271779022796873,0.267358923412675,0.229256404274617,0.170381749344693,0.211151233890003,0.190010662362929,0.218751910860001
"30",3,1,12,1,1,1,1,1,1,1,1,1,3,1,12,1,1,1,1,1,1,1,1,1,1.64125724428294,0.231982078307859,0.191340539891838,0.213708195930799,0.213298566329862,0.196871063433224,0.175465974963022,0.166873502479483,0.223513159597218,0.128614420755832,0.231563010544852,0.170847802365747,0.715657951948855,0.231982078307859,0.578778880794351,0.213708195930799,0.213298566329862,0.196871063433224,0.175465974963022,0.166873502479483,0.223513159597218,0.128614420755832,0.231563010544852,0.170847802365747,0.875270750329592,0.547854253512568,0.585552027960562,0.267729809851487,0.31378516192207,0.190081918538415,0.182867938908096,0.222485258526104,0.221402163817917,0.225628892426781,0.232349340337914,0.211703129109945
"31",1,1,12,1,1,1,1,1,1,1,1,1,3,1,1,1,1,12,1,1,1,1,1,1,0.25324019030317,0.159192361824386,0.288339096342153,0.19368235677979,0.191015638724689,0.162758775307336,0.271412645955455,0.206568791606803,0.247084949056327,0.185571155016734,0.169952243891052,0.188081693963167,0.25324019030317,0.159192361824386,0.81085127598151,0.19368235677979,0.191015638724689,0.162758775307336,0.271412645955455,0.206568791606803,0.247084949056327,0.185571155016734,0.169952243891052,0.188081693963167,0.477079136878845,0.257274363223603,0.372535956750501,0.189283963857215,0.214054365637776,0.609843228018737,0.276808553617477,0.272377262821546,0.214442147566575,0.200373995842032,0.205348753135124,0.224075305339418
"32",1,1,12,1,1,1,1,1,1,1,1,1,3,1,1,1,12,1,1,1,1,1,1,1,0.367759543032546,0.224659363789352,0.310065462474549,0.235995173936899,0.227949807323228,0.211197533368424,0.180397852790205,0.212553895433997,0.16706877346508,0.221026736815208,0.152438310057328,0.112979485110968,0.367759543032546,0.224659363789352,0.60265656766946,0.235995173936899,0.227949807323228,0.211197533368424,0.180397852790205,0.212553895433997,0.16706877346508,0.221026736815208,0.152438310057328,0.112979485110968,0.616659264269214,0.297974948413971,0.309145783438475,0.187602660019871,0.812298872604424,0.27618735352467,0.232521991764505,0.198706245480149,0.189142703467151,0.211818006465055,0.225499506350282,0.153395322074476
"33",1,1,1,1,1,1,1,1,1,1,1,1,3,3,1,12,1,1,1,1,1,1,1,1,1.50433070609276,0.284765594248752,0.467973098302374,0.159991533447263,0.123910796235569,0.201828548203446,0.142429596131192,0.186556076523908,0.130063279123468,0.198870176870588,0.140337049415486,0.14160468642329,1.50433070609276,0.284765594248752,0.467973098302374,0.159991533447263,0.123910796235569,0.201828548203446,0.142429596131192,0.186556076523908,0.130063279123468,0.198870176870588,0.140337049415486,0.14160468642329,0.62857245010418,0.684917931493729,0.531090504427429,0.6333857564556,0.185477150650567,0.267133903560288,0.183611069574292,0.209509963869498,0.157087492440684,0.211395467991993,0.159199659368565,0.149929032496393
"34",1,1,12,1,1,1,1,1,1,1,1,1,3,1,1,1,1,1,1,1,1,1,1,1,0.279815871474524,0.485709273370869,0.232752867863328,0.292168734192266,0.206455153867683,0.248404662057546,0.22527687903937,0.174751157615591,0.149905939708679,0.122747765887957,0.170064962854782,0.155534361194969,0.279815871474524,0.485709273370869,0.559387373252096,0.292168734192266,0.206455153867683,0.248404662057546,0.22527687903937,0.174751157615591,0.149905939708679,0.122747765887957,0.170064962854782,0.155534361194969,0.553822114422304,0.419755190523699,0.285955425137624,0.273549917493779,0.216469170167414,0.26883045113808,0.221091226011924,0.229532929124659,0.184980430830257,0.18613365518564,0.185993494935957,0.242605185479811
"35",1,12,1,1,1,1,1,1,1,1,1,1,3,3,1,1,1,1,1,1,1,1,1,1,0.509833100247849,0.274141020930651,0.222931992033385,0.234511040708424,0.218822348098451,0.276264330105645,0.165322465511504,0.170111629885336,0.184545102005578,0.192798197974132,0.161726647136521,0.181948318600819,0.509833100247849,0.675113896720568,0.222931992033385,0.234511040708424,0.218822348098451,0.276264330105645,0.165322465511504,0.170111629885336,0.184545102005578,0.192798197974132,0.161726647136521,0.181948318600819,0.577142410181755,0.803337616449495,0.168637708948574,0.213617638732983,0.204909901253493,0.323130146410847,0.22113338972669,0.220333571498427,0.183009122611115,0.184650112818393,0.178926093105768,0.247888804058902
"36",3,1,1,1,1,1,1,1,1,1,1,1,3,1,7,12,1,1,1,1,1,1,1,1,0.328493297262469,0.378883129050858,0.184236015525182,0.262308432907683,0.180963851882974,0.237699737130877,0.184475673537599,0.181280616516871,0.173734812416429,0.19417555050429,0.135323657727413,0.163691306778244,0.807232321141436,0.378883129050858,0.184236015525182,0.262308432907683,0.180963851882974,0.237699737130877,0.184475673537599,0.181280616516871,0.173734812416429,0.19417555050429,0.135323657727413,0.163691306778244,1.28879594435739,0.231292202344349,0.777293413505512,0.666742579680544,0.161962183266361,0.264188413689856,0.22973446085456,0.17014740277715,0.181907027194596,0.167803889186268,0.175390922066942,0.20495243132204
"37",3,1,12,1,1,1,1,1,1,1,1,1,3,1,12,12,1,1,1,1,1,1,1,1,0.274664524073583,0.359550224764286,0.223065658960123,0.20583855597744,0.230093383873912,0.28545189546973,0.283910361529289,0.206268561975106,0.145985192213657,0.135001110449135,0.221982362725479,0.17614696411651,0.385634335794737,0.359550224764286,0.678646298321791,0.20583855597744,0.230093383873912,0.28545189546973,0.283910361529289,0.206268561975106,0.145985192213657,0.135001110449135,0.221982362725479,0.17614696411651,0.568015138174232,0.436077077194795,0.594757023212359,0.724264842481728,0.293336066778121,0.294633329931751,0.303988642664654,0.196759512853679,0.186126420553052,0.166275043012578,0.286189235764841,0.177797200346974
"38",3,1,12,1,1,1,1,1,1,1,1,1,1,1,1,1,12,1,1,1,1,1,1,1,0.668859172577941,0.268710787637137,0.175697192729615,0.175095178535981,0.140726764004015,0.207940077291629,0.182683036726364,0.155793499762992,0.183714955671023,0.20038591444126,0.151742116308425,0.201873627695698,0.997006043105746,0.268710787637137,0.656156316758462,0.175095178535981,0.140726764004015,0.207940077291629,0.182683036726364,0.155793499762992,0.183714955671023,0.20038591444126,0.151742116308425,0.201873627695698,1.35094572260473,0.32125263606097,0.228889178536287,0.216960436482808,0.705079012757864,0.275918523870903,0.211413493031262,0.175372893299786,0.195165615183819,0.269683466651677,0.183828731230346,0.173813044477058
"39",3,1,12,1,1,1,1,1,1,1,1,1,1,1,12,1,1,1,1,1,1,1,1,1,1.46311611728209,0.417804249401198,0.217845891974819,0.231109181219532,0.205750555009105,0.206075988208225,0.170643006926141,0.243649046353325,0.192195779039409,0.153162913863945,0.155655151738138,0.232348079835427,1.15996079368598,0.417804249401198,0.675811081025241,0.231109181219532,0.205750555009105,0.206075988208225,0.170643006926141,0.243649046353325,0.192195779039409,0.153162913863945,0.155655151738138,0.232348079835427,1.14723868376062,0.24619499365738,0.569615684047419,0.236345044031891,0.199388402744312,0.223458600129328,0.315055077699964,0.232166523446751,0.208727103561618,0.181785986930795,0.17154402298637,0.179910900628344
"40",3,1,12,1,1,1,1,1,1,1,1,1,3,1,1,12,12,1,1,1,1,1,1,1,0.988204983014879,0.234220046397294,0.205145861553189,0.307531775017674,0.213579816782178,0.148360901525397,0.181932029528552,0.18712282822472,0.223065730373822,0.154773280698029,0.145956255661435,0.191412594629249,1.48173015532649,0.234220046397294,0.44694174949391,0.307531775017674,0.213579816782178,0.148360901525397,0.181932029528552,0.18712282822472,0.223065730373822,0.154773280698029,0.145956255661435,0.191412594629249,1.33277137079703,0.253269411423181,0.225350348667383,0.748108969555757,0.725663412828248,0.155134376367212,0.225056468650694,0.171869419203727,0.168869326390686,0.174352532027124,0.217867665918865,0.213145953726481
"41",3,1,1,1,1,1,1,1,1,1,1,1,3,3,1,1,1,1,1,1,1,1,1,1,0.437124300834155,0.367567641375579,0.314945049301264,0.270856318873784,0.204797526890915,0.194422037793996,0.182984505709579,0.16576570041014,0.159871134762967,0.174955983415074,0.151933399720006,0.164289192152035,0.671681514433134,0.367567641375579,0.314945049301264,0.270856318873784,0.204797526890915,0.194422037793996,0.182984505709579,0.16576570041014,0.159871134762967,0.174955983415074,0.151933399720006,0.164289192152035,0.74126406199337,0.795242727400347,0.461224095026657,0.412699740085809,0.22288298506028,0.167796559125802,0.194041661023995,0.20461265299653,0.19221420255607,0.281466148539191,0.197587101339096,0.188071916751305
"42",3,1,12,1,1,1,1,1,1,1,1,1,3,1,1,12,1,1,1,1,1,1,1,1,0.375434582087725,0.362052975888868,0.214896817774308,0.193675055973747,0.23721002541045,0.25875319231138,0.197463470881065,0.154698389296989,0.137294572608137,0.170924573386222,0.161324263355962,0.172844556235348,1.12204210324263,0.362052975888868,0.726404790200142,0.193675055973747,0.23721002541045,0.25875319231138,0.197463470881065,0.154698389296989,0.137294572608137,0.170924573386222,0.161324263355962,0.172844556235348,1.12836345573378,0.391124470850225,0.266457946426403,0.609493951850683,0.227185462750321,0.327775693506112,0.290720031649814,0.284537377491511,0.153107371076248,0.179407172629225,0.168358898841012,0.179918994556886
"43",1,1,12,1,1,1,1,1,1,1,1,1,3,1,12,12,1,1,1,1,1,1,1,1,0.65441200975018,0.25457733934225,0.198702107080599,0.206625638056176,0.12657554089043,0.225808563417767,0.223938155151968,0.168972742994595,0.168196499424467,0.143673318608867,0.139226460740105,0.159958349312931,0.65441200975018,0.25457733934225,0.684446462791968,0.206625638056176,0.12657554089043,0.225808563417767,0.223938155151968,0.168972742994595,0.168196499424467,0.143673318608867,0.139226460740105,0.159958349312931,0.456598677861028,0.33033493586061,0.762745132185017,0.773768990040588,0.185806087741416,0.248712777507309,0.185316044952501,0.180407041149245,0.186194664799992,0.178084386941992,0.14984916977775,0.186701707666257
"44",1,1,1,1,1,1,1,1,1,1,1,1,1,3,1,12,1,1,1,1,1,1,1,1,1.58207221880324,0.31623983672602,0.177763047387199,0.16896276442697,0.222033020434041,0.239087776721833,0.207411101663303,0.148295754547401,0.219164947127378,0.159782557713925,0.13114843439625,0.121754256900435,1.58207221880324,0.31623983672602,0.177763047387199,0.16896276442697,0.222033020434041,0.239087776721833,0.207411101663303,0.148295754547401,0.219164947127378,0.159782557713925,0.13114843439625,0.121754256900435,1.67606794861192,0.574060085254219,0.231106068397595,0.606261102526073,0.24820088396819,0.331074210157893,0.190207574714758,0.232118056087119,0.180885506775482,0.190155009848457,0.165747284173436,0.144909588250739
"45",1,1,1,1,1,1,1,1,1,1,1,1,1,3,1,1,1,1,1,1,1,1,1,1,1.22028558314613,0.186105400849056,0.257187467572893,0.180804412852172,0.188305871300671,0.181900747164324,0.153860148150157,0.178713302136319,0.152252259102342,0.204442089401082,0.159941439451108,0.222576810289284,1.22028558314613,0.186105400849056,0.257187467572893,0.180804412852172,0.188305871300671,0.181900747164324,0.153860148150157,0.178713302136319,0.152252259102342,0.204442089401082,0.159941439451108,0.222576810289284,2.0317698618499,0.757952557178836,0.327463102690812,0.264426587431732,0.252447908282884,0.180758796863503,0.242466473986233,0.234185676159319,0.192324282685754,0.29384913859628,0.202479528339907,0.182935060690874
"46",1,1,1,1,1,1,1,1,1,1,1,1,3,1,1,1,1,1,1,1,1,1,1,1,1.35717291580935,0.22192384176009,0.257072921819044,0.282555388627969,0.154517563153116,0.250957814237681,0.175750982797697,0.147282659672124,0.122665875618862,0.140606944940842,0.213040435063307,0.161589262128857,1.35717291580935,0.22192384176009,0.257072921819044,0.282555388627969,0.154517563153116,0.250957814237681,0.175750982797697,0.147282659672124,0.122665875618862,0.140606944940842,0.213040435063307,0.161589262128857,0.242549396405484,0.299369775610279,0.374388718707867,0.362545728763232,0.254832791912406,0.302599498301882,0.179638179565825,0.17675190395061,0.166326157275379,0.217079081200032,0.282434167511545,0.264038368759253
"47",2,1,12,1,1,1,1,1,1,1,1,1,3,1,12,1,1,12,1,1,1,1,1,1,0.420166085309695,0.503114835729818,0.186615009128956,0.256167468981459,0.170464861810417,0.22737153069701,0.309563246831296,0.187347938491954,0.155606806158529,0.194991730179741,0.141129632898669,0.176149603495835,1.94764534291211,0.503114835729818,0.608495656885806,0.256167468981459,0.170464861810417,0.22737153069701,0.309563246831296,0.187347938491954,0.155606806158529,0.194991730179741,0.141129632898669,0.176149603495835,1.84294459136765,0.442795256508482,0.672983741026883,0.274786744957129,0.189102757297546,0.629793660518591,0.340592614614656,0.196689959137012,0.202243037186986,0.206806882149363,0.233567098491949,0.190593872186299
"48",1,1,12,1,1,1,1,1,1,1,1,1,3,1,1,1,1,1,1,1,1,1,1,1,0.280922216669898,0.303501912485693,0.503567002748459,0.171472070493688,0.244424286943538,0.233557496061875,0.206151569105956,0.16397425007845,0.195478284073055,0.141904801696884,0.137209797734336,0.157025966695173,0.280922216669898,0.303501912485693,0.691532135835202,0.171472070493688,0.244424286943538,0.233557496061875,0.206151569105956,0.16397425007845,0.195478284073055,0.141904801696884,0.137209797734336,0.157025966695173,0.372027200555918,0.304937289895621,0.354895553998077,0.257424624518882,0.22909629912105,0.26516988501965,0.262188468146609,0.207926626740073,0.176567446809063,0.179714306079843,0.156643069756479,0.195836995270791
"49",1,1,12,1,1,1,1,1,1,1,1,1,3,1,1,12,1,1,1,1,1,1,1,1,0.252521374173595,0.365448092601216,0.21975996890077,0.195050336772032,0.204710287245227,0.194933442653396,0.18120834860705,0.210195001881335,0.181638849443201,0.155904656857748,0.216206936779786,0.179450500726274,0.252521374173595,0.365448092601216,0.591005579197742,0.195050336772032,0.204710287245227,0.194933442653396,0.18120834860705,0.210195001881335,0.181638849443201,0.155904656857748,0.216206936779786,0.179450500726274,0.691952696203768,0.30177636279422,0.232408414018609,0.696343014737132,0.212314874740127,0.306984039978588,0.202272040424677,0.199509553446635,0.168328711010115,0.211191729497466,0.209374445522056,0.163012572409605
"50",3,1,14,1,1,1,1,1,1,1,1,1,3,1,14,12,1,1,1,1,1,1,1,1,0.361253690942569,0.325504829811009,0.297776185931725,0.231949896787091,0.154594863079165,0.206033907752973,0.202508574785658,0.191211523020839,0.16972247920984,0.138171865820276,0.160451136603881,0.167713713932597,1.06396859418473,0.325504829811009,0.406702852553042,0.231949896787091,0.154594863079165,0.206033907752973,0.202508574785658,0.191211523020839,0.16972247920984,0.138171865820276,0.160451136603881,0.167713713932597,1.40638222177837,0.398383937859076,0.49760222006382,0.598696691430364,0.162599213827962,0.220366156392982,0.227932756999719,0.178833068836437,0.194222901833526,0.170832197076695,0.200476978418781,0.239444986125275
"51",3,1,12,1,1,1,1,1,1,1,1,1,3,1,1,12,1,1,1,1,1,1,1,1,0.362496462752126,0.348442657332514,0.355525038759108,0.211848198028152,0.216923555342553,0.209201348953048,0.166453282565,0.185054512382081,0.193214230564129,0.131942994590423,0.224863549620551,0.162414684620152,0.890799207967802,0.348442657332514,0.685300409879652,0.211848198028152,0.216923555342553,0.209201348953048,0.166453282565,0.185054512382081,0.193214230564129,0.131942994590423,0.224863549620551,0.162414684620152,1.1215523583168,0.443336433919196,0.527413401022935,0.527022516283518,0.302733648772164,0.369073936828371,0.201228250011335,0.207955654438154,0.198794425659956,0.16340037779867,0.203034416625259,0.187610995014584
"52",3,1,1,1,1,1,1,1,1,1,1,1,3,1,1,1,1,1,1,1,1,1,1,1,0.380238711645243,0.179836983043969,0.216918973102507,0.255276732346306,0.205387317513562,0.242832247601749,0.145257895749816,0.193118782283403,0.150353369672235,0.183125533569336,0.155357179989966,0.149691873526981,0.988774700118676,0.179836983043969,0.216918973102507,0.255276732346306,0.205387317513562,0.242832247601749,0.145257895749816,0.193118782283403,0.150353369672235,0.183125533569336,0.155357179989966,0.149691873526981,0.70504642020104,0.256783543938686,0.245443856613766,0.268880064630895,0.248299887030336,0.296863731097889,0.162991393948871,0.233408881195253,0.169367639021771,0.196509260968809,0.195081688168581,0.165932189656785
"53",1,1,12,12,1,1,1,1,1,1,1,1,3,1,12,1,1,1,1,1,1,1,1,1,0.609812245836613,0.20449941644393,0.216593787558473,0.268876764417958,0.305368447213618,0.229674592082831,0.185236883697638,0.171521795035907,0.166200209023543,0.152646498255779,0.190430202668337,0.194099868403259,0.609812245836613,0.20449941644393,0.565117071084679,0.597077743679555,0.305368447213618,0.229674592082831,0.185236883697638,0.171521795035907,0.166200209023543,0.152646498255779,0.190430202668337,0.194099868403259,0.843511673988789,0.290783798353104,0.61116276139422,0.271643704904033,0.280199521326034,0.21453599998299,0.264710453907279,0.222657474205987,0.266812352646106,0.209773564443816,0.248910496593797,0.209659513762967
"54",1,1,12,1,1,1,1,1,1,1,1,1,3,1,1,12,1,1,1,1,1,1,1,1,0.258338635153412,0.139772932684596,0.466474059614941,0.260747624169211,0.187776896874275,0.187973404091279,0.16095401820234,0.185567084003564,0.172469467082621,0.152116146133337,0.206192310485234,0.142486446421456,0.258338635153412,0.139772932684596,0.900586408061355,0.260747624169211,0.187776896874275,0.187973404091279,0.16095401820234,0.185567084003564,0.172469467082621,0.152116146133337,0.206192310485234,0.142486446421456,0.697553117579789,0.148211995378521,0.441290084386549,0.596946004186209,0.197269834066934,0.245907257154706,0.153069943307358,0.186829829785902,0.169966981255769,0.162745906830478,0.254069643305456,0.183483317838857
"55",1,1,12,12,12,1,1,1,1,1,1,1,3,1,1,12,12,1,1,1,1,1,1,1,0.325752813896277,0.299575922352813,0.156452596272964,0.353387168803412,0.235967338958846,0.215838054810136,0.189690568594146,0.213847040627283,0.195101049195774,0.20395534743886,0.136156617291512,0.216325852112218,0.325752813896277,0.299575922352813,0.794206289450426,0.556067180931828,0.594756668965584,0.215838054810136,0.189690568594146,0.213847040627283,0.195101049195774,0.20395534743886,0.136156617291512,0.216325852112218,0.904517278988902,0.292183080026739,0.239327305557529,0.647154424068746,0.569696037879307,0.209814205841292,0.185840435875954,0.198843850504107,0.198297167790515,0.233254557295995,0.164459950069994,0.284939357693386
"56",1,1,1,1,1,1,1,1,1,1,1,1,3,1,1,12,12,1,1,1,1,1,1,1,0.847998687323517,0.33414471282705,0.220222448144816,0.209058427424533,0.185005886165558,0.235414019204218,0.193681194199913,0.188560492583009,0.170390829561422,0.126515429820334,0.146235935056721,0.188800109317913,0.847998687323517,0.33414471282705,0.220222448144816,0.209058427424533,0.185005886165558,0.235414019204218,0.193681194199913,0.188560492583009,0.170390829561422,0.126515429820334,0.146235935056721,0.188800109317913,0.868074499852623,0.324149664330488,0.248828931330169,0.715760388699262,0.663100242645001,0.226061505101081,0.257580255335429,0.273461130435973,0.220243613498589,0.200463930135352,0.161752828762651,0.226547536257152
"57",3,1,1,1,1,1,1,1,1,1,1,1,3,1,14,12,1,1,1,1,1,1,1,1,1.80900720788441,0.208162325893301,0.421268184094935,0.20797147466383,0.213293619319331,0.230446208972619,0.179407014040773,0.226815727671119,0.189056532126048,0.205523368368136,0.205309315169523,0.149307804979417,0.767481753108973,0.208162325893301,0.421268184094935,0.20797147466383,0.213293619319331,0.230446208972619,0.179407014040773,0.226815727671119,0.189056532126048,0.205523368368136,0.205309315169523,0.149307804979417,0.792428206473342,0.239171454766264,0.469098551559492,0.819953399802061,0.227720204869817,0.185134087885579,0.201648187158855,0.259468411947158,0.183043135404558,0.234430085117206,0.228017454285118,0.205640388475352
"58",3,1,12,1,1,1,1,1,1,1,1,1,3,1,1,12,1,1,1,1,1,1,1,1,0.352903291678492,0.322321423866994,0.359751525737428,0.173271755918888,0.204139852425543,0.214181870948782,0.202095547424383,0.164950510326786,0.223425804994769,0.188842517016458,0.212119389003502,0.186366698995184,0.549318845581662,0.322321423866994,0.818557963133059,0.173271755918888,0.204139852425543,0.214181870948782,0.202095547424383,0.164950510326786,0.223425804994769,0.188842517016458,0.212119389003502,0.186366698995184,0.590503351717063,0.294852671356138,0.342601806506311,0.694316939980953,0.226741687766696,0.206639397923139,0.24894755858305,0.18763411142063,0.234203543805272,0.223164861310059,0.213249082542531,0.217515980660532
"59",3,1,12,1,1,1,1,1,1,1,1,1,3,1,1,14,1,1,1,1,1,1,1,1,0.794769629172427,0.239016973395232,0.32570464048679,0.207145525754668,0.165409218485001,0.205073320063451,0.199352425683039,0.161530622235698,0.138552301110481,0.139357626210757,0.169700612938565,0.154876426718414,0.989240984038762,0.239016973395232,0.762873362824512,0.207145525754668,0.165409218485001,0.205073320063451,0.199352425683039,0.161530622235698,0.138552301110481,0.139357626210757,0.169700612938565,0.154876426718414,1.05500654504393,0.237349937678152,0.281753573224034,0.581964060750252,0.223476173712942,0.221593872493835,0.227926787907659,0.251626227244325,0.145953318223299,0.145528783185553,0.168573546222232,0.213846638926252
"60",3,1,12,1,1,1,1,1,1,1,1,1,3,3,1,12,1,1,1,1,1,1,1,1,0.420692309342557,0.260372838346179,0.207733470495317,0.201475749398428,0.214718171074668,0.191053164890272,0.148050170426433,0.201258149499185,0.136324031851252,0.152309331156978,0.184893329785069,0.151395903953064,1.1708697182007,0.260372838346179,0.783910910680903,0.201475749398428,0.214718171074668,0.191053164890272,0.148050170426433,0.201258149499185,0.136324031851252,0.152309331156978,0.184893329785069,0.151395903953064,0.783156101413708,0.783080101850818,0.363042004240914,0.639697440882953,0.270917181312321,0.217918418479115,0.188143810001407,0.261177204157887,0.205367448073162,0.189340142293353,0.184569049174238,0.150001113561903
"61",1,1,1,1,1,1,1,1,1,1,1,1,3,1,14,12,1,1,1,1,1,1,1,1,0.196314590853346,0.274641796396681,0.25362732051693,0.186029577463435,0.232149082398871,0.221870498851717,0.176303170358477,0.169970137407939,0.211905436120016,0.111621809532999,0.213280090971928,0.162568765019562,0.196314590853346,0.274641796396681,0.25362732051693,0.186029577463435,0.232149082398871,0.221870498851717,0.176303170358477,0.169970137407939,0.211905436120016,0.111621809532999,0.213280090971928,0.162568765019562,0.360966330712236,0.316614233697892,0.267519874069689,0.667478760980548,0.234456490472425,0.203533434273224,0.230179283545231,0.186695457331977,0.215741135339744,0.156318732028597,0.17133935723525,0.150433997430319
"62",1,1,12,1,1,1,1,1,1,1,1,1,3,1,1,1,1,1,1,1,1,1,1,1,1.7083198539318,0.166292602631935,0.28809267375411,0.259742473587905,0.203752920827367,0.180490309018086,0.215979234726051,0.187118400332407,0.164132452331509,0.141538682489326,0.180833423189714,0.150092169301637,1.7083198539318,0.166292602631935,0.509050590683301,0.259742473587905,0.203752920827367,0.180490309018086,0.215979234726051,0.187118400332407,0.164132452331509,0.141538682489326,0.180833423189714,0.150092169301637,1.25062072394975,0.242999937940544,0.255744040747124,0.256877883138118,0.207405557633057,0.236989194640762,0.182770769430071,0.24706303185923,0.200393203072765,0.159256611258311,0.18698158595168,0.206072711566259
"63",3,1,1,1,1,1,1,1,1,1,1,1,1,12,12,1,1,1,1,1,1,1,1,1,1.21899237551144,0.231927207917838,0.207225858857342,0.223963545243854,0.191510988707522,0.185363395715106,0.18528468485891,0.222161933125433,0.197208493089248,0.178076132506679,0.17259872018926,0.154857841404479,0.826915850664084,0.231927207917838,0.207225858857342,0.223963545243854,0.191510988707522,0.185363395715106,0.18528468485891,0.222161933125433,0.197208493089248,0.178076132506679,0.17259872018926,0.154857841404479,0.687804450821718,0.438935773320075,0.784736234094554,0.333896083699238,0.207950431218634,0.196890325915699,0.198650288090754,0.19957190628917,0.247439931658571,0.251646219153766,0.169121995670675,0.17461808295758
"64",3,1,1,1,1,1,1,1,1,1,1,1,3,1,1,12,1,12,1,1,1,1,1,1,0.391284728265303,0.224557846305805,0.242129480906906,0.21799957234278,0.193293759780991,0.228810280569836,0.210017122325248,0.179209699885614,0.195906086239627,0.263160310470238,0.190179668686477,0.180633414957876,0.244288500464105,0.224557846305805,0.242129480906906,0.21799957234278,0.193293759780991,0.228810280569836,0.210017122325248,0.179209699885614,0.195906086239627,0.263160310470238,0.190179668686477,0.180633414957876,0.237673824081119,0.544907524069522,0.281919270225662,0.783804730540984,0.25671794148115,0.682027710157,0.166351280582714,0.173384021779146,0.225427022111028,0.350558807468675,0.245192607781066,0.209550049751315
"65",1,1,1,1,1,1,1,1,1,1,1,1,3,1,8,1,12,1,1,1,1,1,1,1,0.806289138873276,0.255886204092275,0.199357807535357,0.227622542606857,0.176477944285427,0.214467991774251,0.204665583812911,0.149933766213874,0.1435060755844,0.133101524121502,0.109051919349182,0.133641767629349,0.806289138873276,0.255886204092275,0.199357807535357,0.227622542606857,0.176477944285427,0.214467991774251,0.204665583812911,0.149933766213874,0.1435060755844,0.133101524121502,0.109051919349182,0.133641767629349,0.589661627012756,0.293239571343723,1.22361506119775,0.231863650869775,0.544405162783248,0.217842966536271,0.209147436357887,0.182539134908449,0.165646717404861,0.177574881404134,0.14878725257998,0.171023584160762
"66",3,1,1,1,1,1,1,1,1,1,1,1,3,1,12,12,1,1,1,1,1,1,1,1,0.53556074555577,0.362223981380941,0.195184147211036,0.237790753336804,0.212535662078339,0.192664827238342,0.166511233520177,0.165905262231848,0.237570837883173,0.173960550041528,0.149675284665075,0.155522416164409,0.547878991680858,0.362223981380941,0.195184147211036,0.237790753336804,0.212535662078339,0.192664827238342,0.166511233520177,0.165905262231848,0.237570837883173,0.173960550041528,0.149675284665075,0.155522416164409,0.508848713760051,0.354549904238432,0.816220469107243,0.723760611303972,0.245299426481125,0.262716818753219,0.202035344156269,0.239080290622334,0.28770248534034,0.257001113157003,0.156945315133139,0.184555208357855
"67",1,1,1,1,1,1,1,1,1,1,1,1,3,1,1,12,1,1,1,1,1,1,1,1,0.103102916263334,0.306258928617494,0.25117299439426,0.267259329417642,0.241008784806168,0.157399970993697,0.258384581872237,0.200198099427478,0.166046192174557,0.184173536670989,0.168491751970105,0.141107407082083,0.103102916263334,0.306258928617494,0.25117299439426,0.267259329417642,0.241008784806168,0.157399970993697,0.258384581872237,0.200198099427478,0.166046192174557,0.184173536670989,0.168491751970105,0.141107407082083,0.359482067818409,0.30893090449052,0.243123285442846,0.702979706608095,0.282538328788913,0.176968004679256,0.241791611510765,0.231531581233445,0.255938113039405,0.241346808243029,0.176552731310536,0.164875744717318
"68",3,1,12,12,1,1,1,1,1,1,1,1,3,1,1,12,1,1,1,1,1,1,1,1,1.79280327116659,0.272966965144255,0.159119869999126,0.263596257355122,0.28227804989943,0.163071179236041,0.156231728343858,0.129345711354496,0.173898994972697,0.145513261809739,0.134785874600791,0.167160808252284,1.57174431956124,0.272966965144255,0.934441732116256,0.465519960757663,0.28227804989943,0.163071179236041,0.156231728343858,0.129345711354496,0.173898994972697,0.145513261809739,0.134785874600791,0.167160808252284,1.65521383091222,0.328892100401934,0.269156691821873,0.480267757544104,0.287187457563533,0.236691793061638,0.219519947529111,0.258572737708951,0.227126888703532,0.157713090265217,0.19179476493399,0.184031976740983
"69",1,1,12,1,1,1,1,1,1,1,1,1,1,1,1,1,1,1,1,1,1,1,1,1,0.121016670188551,0.25871860901617,0.198903622403871,0.309179645166693,0.219289794740223,0.172136143234591,0.161691890773685,0.156484826494953,0.209688708454279,0.157716402380309,0.168914012035121,0.165933678530994,0.121016670188551,0.25871860901617,0.733380387413088,0.309179645166693,0.219289794740223,0.172136143234591,0.161691890773685,0.156484826494953,0.209688708454279,0.157716402380309,0.168914012035121,0.165933678530994,0.412873473347673,0.527078331708321,0.23954631405068,0.240353950121425,0.229821251847307,0.21960935629609,0.281739163167363,0.191383977287224,0.154523497272098,0.170236247370507,0.249980372612472,0.191237387156335
"70",3,1,12,1,1,1,1,1,1,1,1,1,3,1,1,12,1,1,1,1,1,1,1,1,0.318532943876927,0.484047508077817,0.175738184727235,0.194383831775598,0.1943009727801,0.140729412126581,0.263524035086641,0.188574047658211,0.191138524012656,0.208876923400628,0.142801605938445,0.127183694254395,0.460129978233322,0.484047508077817,0.551094028651603,0.194383831775598,0.1943009727801,0.140729412126581,0.263524035086641,0.188574047658211,0.191138524012656,0.208876923400628,0.142801605938445,0.127183694254395,0.623969439525529,0.314740554720898,0.232829762560689,0.573088238098347,0.255002082972153,0.221339108184387,0.249951233337709,0.185690551392252,0.187758619334567,0.240434135250145,0.163407536902,0.163713950385522
"71",3,1,12,1,1,1,1,1,1,1,1,1,3,1,1,12,1,12,1,1,1,1,1,1,1.18096060702635,0.16384025505582,0.185858557046084,0.214291267822452,0.224995034899888,0.251445751160074,0.189588122410842,0.177057035100073,0.154279091778201,0.193749494023529,0.152759007021695,0.159514496536466,0.357538826968546,0.16384025505582,0.632865425576812,0.214291267822452,0.224995034899888,0.251445751160074,0.189588122410842,0.177057035100073,0.154279091778201,0.193749494023529,0.152759007021695,0.159514496536466,0.365750486569024,0.260913361080639,0.20683389213095,0.637841543390741,0.232047137814401,0.687380008991617,0.205817402770465,0.186639241407715,0.18707143383095,0.190564190059498,0.166155994621553,0.225768205136327
"72",3,1,1,1,1,1,1,1,1,1,1,1,3,1,1,1,1,1,1,1,1,1,1,1,0.178156582850218,0.270977665333303,0.188436181571461,0.229106309314129,0.200697672505608,0.185560987345703,0.142992965546948,0.212849561916505,0.137597334428878,0.186089333803999,0.196875399480363,0.158291762483663,0.28226069673229,0.270977665333303,0.188436181571461,0.229106309314129,0.200697672505608,0.185560987345703,0.142992965546948,0.212849561916505,0.137597334428878,0.186089333803999,0.196875399480363,0.158291762483663,0.28681966980518,0.241094614645261,0.321242123000692,0.332818230083854,0.182353173866562,0.189962696867908,0.161814593701028,0.264231714458954,0.196084705860562,0.164677481165744,0.184821143917315,0.168918379782016
"73",3,1,1,1,1,1,1,1,1,1,1,1,3,1,1,12,12,1,1,1,1,1,1,1,0.519929666515528,0.42793430499673,0.15425503036358,0.226943103852451,0.160783181419465,0.138100385427685,0.242234193777547,0.17841491173476,0.154012131408071,0.173226870932034,0.138899084375544,0.174392213178664,0.56416192385359,0.42793430499673,0.15425503036358,0.226943103852451,0.160783181419465,0.138100385427685,0.242234193777547,0.17841491173476,0.154012131408071,0.173226870932034,0.138899084375544,0.174392213178664,0.650145871730305,0.582671230101533,0.274834386336171,0.533855116507877,0.928867762081968,0.161630503831473,0.24540698303378,0.188489207039941,0.189947492066681,0.192349121998071,0.240773810093455,0.173834503421046
"74",3,1,12,1,1,1,1,1,1,1,1,1,3,1,12,12,1,1,1,1,1,1,1,1,0.388503231099177,0.330890330626082,0.268839494582477,0.227340325730288,0.207217113334491,0.225986312985584,0.172533650973226,0.184481096458801,0.132200405894885,0.154144282082758,0.196263473278437,0.171312932055402,0.59651510123788,0.330890330626082,0.641193166624526,0.227340325730288,0.207217113334491,0.225986312985584,0.172533650973226,0.184481096458801,0.132200405894885,0.154144282082758,0.196263473278437,0.171312932055402,0.720680613198689,0.312401537226119,0.689742092531363,0.800781356026069,0.215547842424119,0.231555806164659,0.195966572497635,0.214618130582182,0.16913690033052,0.2086246365804,0.16967153296268,0.180371313287543
"75",3,1,1,1,1,1,1,1,1,1,1,1,3,1,12,14,12,1,1,1,1,1,1,1,0.394822315451649,0.190332786457811,0.327383421004682,0.216091321170533,0.159638642928231,0.179226136029566,0.192648235089106,0.194951235844747,0.246280138001217,0.211364676940738,0.16765759089493,0.182808128747585,0.923989287332838,0.190332786457811,0.327383421004682,0.216091321170533,0.159638642928231,0.179226136029566,0.192648235089106,0.194951235844747,0.246280138001217,0.211364676940738,0.16765759089493,0.182808128747585,1.04815794446299,0.248946047883756,0.863892750976061,0.458790240106919,0.599906339595025,0.256958620822543,0.209507061627075,0.280532739876738,0.18694182919851,0.191124137379845,0.165443245055089,0.267419297628861
"76",3,1,1,1,1,1,1,1,1,1,1,1,3,1,1,12,1,1,1,1,1,1,1,1,0.480287675227158,0.167493268348595,0.362450956144494,0.204072708820641,0.199584703180976,0.189156890505756,0.183632163050089,0.14349447867957,0.188905541401693,0.142202551740765,0.13055293647306,0.1613049721524,0.689923326768999,0.167493268348595,0.362450956144494,0.204072708820641,0.199584703180976,0.189156890505756,0.183632163050089,0.14349447867957,0.188905541401693,0.142202551740765,0.13055293647306,0.1613049721524,0.825653233596917,0.180359339594624,0.373651136517055,0.597466642438899,0.233731961164087,0.217423484557217,0.209032642833337,0.177769280100293,0.189918020287514,0.188486066212465,0.159179369819819,0.199234560733663
"77",3,1,12,1,1,1,1,1,1,1,1,1,3,1,1,12,12,1,1,1,1,1,1,1,0.340500080267293,0.341826281262265,0.376720114617171,0.272253218767127,0.199056898842194,0.135967137013537,0.16735682997547,0.163099001487067,0.152408370138386,0.155508445763094,0.180992746149889,0.122756491890546,0.615400099232522,0.341826281262265,0.548602130557721,0.272253218767127,0.199056898842194,0.135967137013537,0.16735682997547,0.163099001487067,0.152408370138386,0.155508445763094,0.180992746149889,0.122756491890546,0.608582050314085,0.546201210365863,0.311306782352376,0.680035838694157,0.662955344800396,0.145466245153377,0.195456153803634,0.182911600299237,0.170159949994592,0.173463689323261,0.289304677327816,0.170216452051337
"78",1,1,1,1,1,1,1,1,1,1,1,1,1,3,12,12,1,1,1,1,1,1,1,1,1.02408533428567,0.286949061923199,0.33107007012598,0.237495502142356,0.164604437525347,0.160387546974598,0.135931804066016,0.188610047909895,0.183633531134351,0.137054461552162,0.194843287895473,0.158463747824012,1.02408533428567,0.286949061923199,0.33107007012598,0.237495502142356,0.164604437525347,0.160387546974598,0.135931804066016,0.188610047909895,0.183633531134351,0.137054461552162,0.194843287895473,0.158463747824012,1.1106908670341,0.67696475081545,0.809997185833954,0.719601687774323,0.210239008932786,0.193493151921921,0.169120186635876,0.284415210754129,0.141100365677101,0.149546628260922,0.181071330444411,0.168015678990919
"79",3,1,14,1,1,1,1,1,1,1,1,1,3,1,1,1,1,1,1,1,1,1,1,1,0.325449125111132,0.32419829703388,0.311749696867995,0.238850468362574,0.218946063204537,0.223838074862315,0.252467001438969,0.218173907778084,0.191652620857193,0.172586522070832,0.141185677747604,0.148826188860638,0.654153858502206,0.32419829703388,0.532516581320665,0.238850468362574,0.218946063204537,0.223838074862315,0.252467001438969,0.218173907778084,0.191652620857193,0.172586522070832,0.141185677747604,0.148826188860638,0.765441561613851,0.284580916149842,0.231834467006061,0.374715088861495,0.244765519743199,0.192221423822803,0.264742337903141,0.248694937011389,0.180049490773704,0.1574957685471,0.227536148505772,0.23220815003471
"80",1,1,12,1,1,1,1,1,1,1,1,1,1,1,1,1,1,1,1,1,1,1,1,1,0.788380508802848,0.258664048919422,0.262198186588255,0.226053203650325,0.172862295691549,0.244427887948807,0.250823839231694,0.170900948679566,0.191316862463177,0.192294219402437,0.158482854294931,0.129350612938436,0.788380508802848,0.258664048919422,0.895620555718873,0.226053203650325,0.172862295691549,0.244427887948807,0.250823839231694,0.170900948679566,0.191316862463177,0.192294219402437,0.158482854294931,0.129350612938436,2.17919213359919,0.351768451711204,0.305992115821867,0.241363321840978,0.198578201062437,0.329038406004425,0.219752259873829,0.235412818685028,0.193043729919917,0.187739695561212,0.145895629860748,0.150494100704452
"81",3,1,1,12,1,1,1,1,1,1,1,1,3,1,1,12,1,1,1,1,1,1,1,1,0.168846011514235,0.322984736883451,0.170425344369943,0.127080073070781,0.255782239592338,0.24872160456292,0.271612202054728,0.145506350920411,0.15240156174002,0.170428514306744,0.153498978599506,0.156465187215401,0.409554162123382,0.322984736883451,0.170425344369943,0.504280200767108,0.255782239592338,0.24872160456292,0.271612202054728,0.145506350920411,0.15240156174002,0.170428514306744,0.153498978599506,0.156465187215401,0.420985769607818,0.441604930232876,0.195143907866209,0.439972853397531,0.283425684417732,0.221259147563838,0.224617989843762,0.206747201607644,0.149678772047363,0.201309452382895,0.166837390344124,0.147147180549667
"82",3,1,1,1,1,1,1,1,1,1,1,1,1,1,1,1,1,1,1,1,1,1,1,1,0.850087173256092,0.374037203956105,0.258742804752308,0.244788668836393,0.258577960372258,0.173592809524477,0.154876607772404,0.17281139293632,0.217234404853336,0.185419006325176,0.163879939715031,0.141007167839876,1.12717156473475,0.374037203956105,0.258742804752308,0.244788668836393,0.258577960372258,0.173592809524477,0.154876607772404,0.17281139293632,0.217234404853336,0.185419006325176,0.163879939715031,0.141007167839876,1.36026802051789,0.448140863125927,0.359670672001409,0.276114412498118,0.324938983963248,0.198446249345445,0.219872380311812,0.191070489712798,0.24096147309398,0.177515031504285,0.200815862210662,0.162024032198663
"83",3,1,12,1,1,1,1,1,1,1,1,1,3,3,12,1,12,1,1,1,1,1,1,1,0.378959742288082,0.296409819846048,0.240682119691978,0.319883782246251,0.192642394384915,0.207288285242861,0.260217044320463,0.221624497398634,0.143938275397353,0.160855630785925,0.149467475792492,0.162460594378256,0.375261221616819,0.296409819846048,0.473037077677342,0.319883782246251,0.192642394384915,0.207288285242861,0.260217044320463,0.221624497398634,0.143938275397353,0.160855630785925,0.149467475792492,0.162460594378256,0.337342943324216,0.60061906347119,0.527710095965176,0.33463246397116,0.591849067539527,0.223847679817814,0.234443588254189,0.195187877394008,0.178804381913414,0.177988730409262,0.199055195386716,0.176703714390547
"84",3,1,12,1,1,1,1,1,1,1,1,1,3,1,1,1,12,1,1,1,1,1,1,1,0.416393235986329,0.341186279147792,0.189255822658253,0.216025678027335,0.281199970507081,0.167887124530918,0.266275963344902,0.167008120136584,0.151577757128349,0.177234369129303,0.153363297860715,0.134578395128321,1.04430872210012,0.341186279147792,0.512474857620657,0.216025678027335,0.281199970507081,0.167887124530918,0.266275963344902,0.167008120136584,0.151577757128349,0.177234369129303,0.153363297860715,0.134578395128321,1.13621956934248,0.313535940119755,0.328685725769858,0.211074227058441,0.621139085852528,0.208460611096347,0.298552663664961,0.223031332080663,0.227083722163287,0.197149483251012,0.183117266888054,0.207559582085413
"85",3,1,1,1,1,1,1,1,1,1,1,1,3,1,12,12,1,1,1,1,1,1,1,1,1.4335786942459,0.344263946278069,0.23913548226302,0.228566636267481,0.21700171615585,0.221175700154798,0.200608395805046,0.144213751045216,0.146452589518224,0.193212565069026,0.128048638299502,0.17081254304901,0.742097564632661,0.344263946278069,0.23913548226302,0.228566636267481,0.21700171615585,0.221175700154798,0.200608395805046,0.144213751045216,0.146452589518224,0.193212565069026,0.128048638299502,0.17081254304901,0.749881327427037,0.389528110617058,0.788987893177041,0.565758451301285,0.185510739264118,0.298321256866165,0.250788838877864,0.161445430159696,0.191070248458438,0.186669749732598,0.17953957461379,0.225055507487003
"86",3,1,1,1,1,1,1,1,1,1,1,1,3,1,1,1,12,1,1,1,1,1,1,1,0.399514142164987,0.308886365884482,0.311428627674586,0.294348047406875,0.234291719791682,0.217781173273254,0.2285723397527,0.130587645726451,0.170718112456936,0.184174026613319,0.167123453785016,0.131727530073462,0.302342232380044,0.308886365884482,0.311428627674586,0.294348047406875,0.234291719791682,0.217781173273254,0.2285723397527,0.130587645726451,0.170718112456936,0.184174026613319,0.167123453785016,0.131727530073462,0.34610396613201,0.341622755371863,0.338067569220008,0.169926606265809,0.627086061894174,0.255307422654792,0.245016668968946,0.133680188670052,0.17598472124479,0.192975690680488,0.179270517984604,0.179276199078535
"87",3,1,1,1,1,1,1,1,1,1,1,1,3,1,1,12,12,1,1,1,1,1,1,1,0.950544067097338,0.242335406694033,0.261708489609371,0.182898178009547,0.250131511066661,0.235777723083609,0.224077173267441,0.125338135573796,0.162805553316204,0.178264745072992,0.15592495608491,0.153091008622677,1.03409875366484,0.242335406694033,0.261708489609371,0.182898178009547,0.250131511066661,0.235777723083609,0.224077173267441,0.125338135573796,0.162805553316204,0.178264745072992,0.15592495608491,0.153091008622677,1.36141391404949,0.50128952833205,0.233312113035883,0.702000576312085,0.679593065299111,0.183394198778989,0.206095900636108,0.173866461929633,0.196613344764539,0.213874306311393,0.244812321521273,0.174757224984295
"88",1,12,1,1,1,1,1,1,1,1,1,1,3,1,12,1,1,1,1,1,1,1,1,1,0.585821376881886,0.512755373493402,0.248906598652665,0.202413299958638,0.297366528436778,0.148940161951002,0.145352263404249,0.137604202475039,0.179676769200212,0.187720244464488,0.164090291855966,0.13191320477002,0.585821376881886,0.920288560565137,0.248906598652665,0.202413299958638,0.297366528436778,0.148940161951002,0.145352263404249,0.137604202475039,0.179676769200212,0.187720244464488,0.164090291855966,0.13191320477002,0.641302512355581,0.431334100709677,0.627327179906123,0.200826971416533,0.242501877029891,0.19514626306579,0.169410222337415,0.172141723448269,0.229095742173738,0.204149510096164,0.178385378789403,0.155292668741358
"89",3,1,1,1,1,1,1,1,1,1,1,1,3,1,12,1,1,12,1,1,1,1,1,1,0.253107369360743,0.353989417864341,0.285466856890669,0.262900402719831,0.256822035512098,0.133867679698225,0.177188873468132,0.173443488327828,0.172998344142262,0.157119009695073,0.215124094607461,0.150277363034152,0.657380639743767,0.353989417864341,0.285466856890669,0.262900402719831,0.256822035512098,0.133867679698225,0.177188873468132,0.173443488327828,0.172998344142262,0.157119009695073,0.215124094607461,0.150277363034152,0.315606216965367,0.329251375613464,0.873949192498788,0.282835574357967,0.26660860454818,0.461707635520373,0.181253222768644,0.181455247243276,0.19779867920635,0.170839440345486,0.204210476211344,0.18111227157567
"90",1,1,1,1,1,1,1,1,1,1,1,1,1,1,1,1,1,1,1,1,1,1,1,1,0.284107234034611,0.22798298849819,0.187240799933009,0.161059328419993,0.142236043432378,0.196144673179032,0.228906635566251,0.151411205817759,0.132628476930863,0.183168711811371,0.150716945847257,0.149535438638887,0.284107234034611,0.22798298849819,0.187240799933009,0.161059328419993,0.142236043432378,0.196144673179032,0.228906635566251,0.151411205817759,0.132628476930863,0.183168711811371,0.150716945847257,0.149535438638887,0.467172871303278,0.278710425713708,0.236004359955378,0.253201016832262,0.196252488115273,0.197915978908845,0.252061380428536,0.232277682865459,0.153374714312994,0.229915973134087,0.214001303370983,0.179061462292697
"91",3,1,1,1,1,1,1,1,1,1,1,1,3,1,1,1,1,1,1,1,1,1,1,1,0.991113447676811,0.422116648335417,0.273055646575597,0.247173545450658,0.25287539376609,0.183388571039563,0.170807347602195,0.221801790188389,0.176910336669933,0.179030350802629,0.17881453919053,0.128140201290173,0.67882176586189,0.422116648335417,0.273055646575597,0.247173545450658,0.25287539376609,0.183388571039563,0.170807347602195,0.221801790188389,0.176910336669933,0.179030350802629,0.17881453919053,0.128140201290173,0.684016009138128,0.410276073399991,0.236909386953437,0.305601887748162,0.244038599036167,0.202367202623147,0.177032355150777,0.242328248807317,0.199861562022375,0.193341308255224,0.24678262950675,0.163678698676111
"92",2,1,1,1,1,1,1,1,1,1,1,1,3,1,1,1,1,1,1,1,1,1,1,1,0.473640205770769,0.448230305307786,0.189423456254492,0.196482955148259,0.219003621206696,0.159010727776867,0.147793979157655,0.178681709738681,0.178628908470707,0.182641505246789,0.138314395751009,0.183572046145565,1.67124838598256,0.448230305307786,0.189423456254492,0.196482955148259,0.219003621206696,0.159010727776867,0.147793979157655,0.178681709738681,0.178628908470707,0.182641505246789,0.138314395751009,0.183572046145565,0.817801296672459,0.368833778976729,0.222623145954777,0.233646216494364,0.231631433390862,0.224012360254945,0.183547244615134,0.250960027527427,0.176036998607878,0.216213980350808,0.163341104294471,0.234582739774361
"93",1,1,1,1,1,1,1,1,1,1,1,1,1,3,1,12,12,1,1,1,1,1,1,1,1.35443705773575,0.230787812178905,0.287169970179797,0.375139613300104,0.215838173533519,0.213928987275915,0.174127930590367,0.123669421010906,0.173934989657391,0.12975126776739,0.171945163525832,0.159359078844513,1.35443705773575,0.230787812178905,0.287169970179797,0.375139613300104,0.215838173533519,0.213928987275915,0.174127930590367,0.123669421010906,0.173934989657391,0.12975126776739,0.171945163525832,0.159359078844513,0.557361811959501,0.489435116491157,0.316557509474964,0.728812872833806,0.665120043317081,0.211188920514211,0.186795590637519,0.198179154050405,0.165761478062514,0.151294776168937,0.246468408220403,0.175012959682804
"94",3,1,1,1,1,1,1,1,1,1,1,1,3,1,1,12,1,1,1,1,1,1,1,1,0.572073987300141,0.258995803354244,0.196813660729917,0.207086590509513,0.199644648593709,0.175217054522014,0.190121590035578,0.207957483161177,0.145422685502655,0.176271129406716,0.159720305845351,0.141573076337954,1.04717620017524,0.258995803354244,0.196813660729917,0.207086590509513,0.199644648593709,0.175217054522014,0.190121590035578,0.207957483161177,0.145422685502655,0.176271129406716,0.159720305845351,0.141573076337954,1.13603227199353,0.334648906189389,0.20973785456375,0.807988345980066,0.272117823746916,0.213559633317647,0.198345098030746,0.237333860560017,0.185066990696504,0.19771370381612,0.20665644544573,0.178541059483985
"95",3,1,1,1,1,1,1,1,1,1,1,1,3,1,1,1,1,1,1,1,1,1,1,1,0.531155904727658,0.247455473674517,0.293949078801131,0.420314273074067,0.255951320617413,0.171555029026241,0.200819710044662,0.245496531170516,0.18536750446254,0.178448342045017,0.203581873804434,0.143998384232466,0.437411179302262,0.247455473674517,0.293949078801131,0.420314273074067,0.255951320617413,0.171555029026241,0.200819710044662,0.245496531170516,0.18536750446254,0.178448342045017,0.203581873804434,0.143998384232466,0.426162887050457,0.361370620079162,0.335144605901612,0.364817975773289,0.218733738672034,0.218319236431999,0.21696775844681,0.212519376521626,0.202280833274298,0.202302704708753,0.247454034743008,0.191790402998307
"96",3,1,1,1,1,1,1,1,1,1,1,1,3,2,1,1,12,1,1,1,1,1,1,1,0.295995422544888,0.243006808031779,0.257711653071647,0.225130081145808,0.235819038342276,0.155868589111038,0.160549763599621,0.211000146438805,0.182831052847498,0.126335285479578,0.16089378975765,0.157538216346604,0.733294182786336,0.243006808031779,0.257711653071647,0.225130081145808,0.235819038342276,0.155868589111038,0.160549763599621,0.211000146438805,0.182831052847498,0.126335285479578,0.16089378975765,0.157538216346604,0.531472935882681,1.69309419829454,0.358794045706373,0.239659220163666,0.549284981925495,0.170835402860449,0.194081325113042,0.232884786353044,0.203978135069105,0.157078819529891,0.213039030028608,0.187573125789114
"97",3,1,12,1,1,1,1,1,1,1,1,1,3,1,1,12,1,1,1,1,1,1,1,1,0.862328650543328,0.317434301086421,0.347206717684617,0.268558955717507,0.15127514763692,0.176313764382325,0.219245904889855,0.192613539223419,0.233579675180808,0.166344637059163,0.176530542609742,0.133344774582839,0.454128987233429,0.317434301086421,0.648260141319776,0.268558955717507,0.15127514763692,0.176313764382325,0.219245904889855,0.192613539223419,0.233579675180808,0.166344637059163,0.176530542609742,0.133344774582839,0.327191154368348,0.360881194903146,0.485040398812107,0.63378213615718,0.152912470609681,0.225210585792128,0.206041868467093,0.232039680416176,0.189662754899944,0.214345728830005,0.22304582768843,0.141624596879719
"98",1,1,12,1,1,1,1,1,1,1,1,1,1,3,12,12,1,1,1,1,1,1,1,1,0.316323023833648,0.233518327142294,0.212685601734284,0.229652607154893,0.259452255680089,0.22472802209463,0.20755222592779,0.162124320600463,0.134894320213477,0.146201803548139,0.161103356712853,0.20048112946574,0.316323023833648,0.233518327142294,0.784578679132823,0.229652607154893,0.259452255680089,0.22472802209463,0.20755222592779,0.162124320600463,0.134894320213477,0.146201803548139,0.161103356712853,0.20048112946574,1.34769863287448,0.60892975198456,0.897082418633802,1.04070662815629,0.391164304458936,0.271359365824889,0.219881326383047,0.180977908436853,0.172278936695955,0.214135025245414,0.178576737697424,0.18949423814807
"99",3,1,1,1,1,1,1,1,1,1,1,1,3,1,12,12,12,1,1,1,1,1,1,1,0.229996071254212,0.339550509790866,0.174746559183065,0.254044605879225,0.262498409333315,0.195669726909889,0.171481619721936,0.203239365647686,0.228490084954625,0.132226801121199,0.170628836220283,0.138555267340857,0.807600047141037,0.339550509790866,0.174746559183065,0.254044605879225,0.262498409333315,0.195669726909889,0.171481619721936,0.203239365647686,0.228490084954625,0.132226801121199,0.170628836220283,0.138555267340857,0.57583097276768,0.394870537349013,0.789729007245557,0.788681788296367,0.812822157130853,0.241376873683971,0.221960150774149,0.177456812354784,0.297086462642532,0.156857926979823,0.174491467416504,0.131890922274533
"100",1,1,12,1,1,1,1,1,1,1,1,1,1,1,1,12,1,1,1,1,1,1,1,1,0.600481568893564,0.23537871803689,0.280784649329672,0.223933096135726,0.203129346738763,0.161461232334124,0.191950606384467,0.204692804933306,0.176921279646262,0.15033591520096,0.144544529699173,0.145230917513666,0.600481568893564,0.23537871803689,0.835102625072083,0.223933096135726,0.203129346738763,0.161461232334124,0.191950606384467,0.204692804933306,0.176921279646262,0.15033591520096,0.144544529699173,0.145230917513666,0.205421963732919,0.424682364587185,0.412903191112928,0.723740955844446,0.204278174012864,0.195714423014381,0.239979092138165,0.184779985082906,0.191891381064861,0.186478475404263,0.177031147119302,0.203912558967277
